analisis,nivel,n,coef,se,t,df,p
efecto_k_por_nivel,bajo_moderado,10,-0.0020335714285714254,0.002755442814809469,-0.738019826665153,28,0.46664328439518066
efecto_k_por_nivel,bajo_moderado,25,-0.0024863636363636455,0.00764673376830791,-0.32515368151934954,31,0.7472491281705558
efecto_k_por_nivel,bajo_moderado,50,-0.008068831168831187,0.014132267880111493,-0.5709509073336028,31,0.5721490605423457
efecto_k_por_nivel,bajo_moderado,100,-0.01679220779220783,0.031129179921386207,-0.5394362406788409,31,0.5934396381541767
efecto_k_por_nivel,bajo_moderado,250,-0.028829870129870226,0.0602821150576947,-0.4782491474009793,31,0.6358284941182446
efecto_k_por_nivel,bajo_moderado,500,-0.03431948051948065,0.0677646456967409,-0.5064511171956327,31,0.6161232487893951
efecto_k_por_nivel,bajo_moderado,1000,-0.03838311688311702,0.06936813591833782,-0.5533249001861998,31,0.5840098945858061
efecto_k_por_nivel,bajo_moderado,1500,-0.039986363636363785,0.06996334688913414,-0.5715330299982259,31,0.5717593964389827
efecto_k_por_nivel,alto,10,0.0717233333333333,0.00960871010471974,7.464408078884932,18,6.480520049362645e-7
efecto_k_por_nivel,alto,25,0.13011515151515152,0.025032011754721622,5.1979502402801785,20,4.367784908547503e-5
efecto_k_por_nivel,alto,50,0.10322121212121212,0.027642883368387484,3.7340971542518724,20,0.0013089975827182976
efecto_k_por_nivel,alto,100,0.03917272727272732,0.022884939971568527,1.7117251485646974,20,0.10241198306890897
efecto_k_por_nivel,alto,250,0.014748484848484917,0.010694256673723946,1.37910331671039,20,0.18309155157644094
efecto_k_por_nivel,alto,500,0.001009090909090992,0.0011457142562719435,0.8807526864285409,20,0.3889133097674504
efecto_k_por_nivel,alto,1000,0.03033030303030312,0.03030031251448844,1.0009897757919275,20,0.3287895438693791
efecto_k_por_nivel,alto,1500,0.030303030303030384,0.03030303030303029,1.000000000000003,20,0.32925657717170764
paridad_k,todos,10,-0.05860000000000002,0.03094259975654093,-1.8938292341648706,58,0.06323855917481179
paridad_k,todos,25,-0.08972727272727272,0.0675307463007528,-1.3286877110415185,64,0.18866912208100894
paridad_k,todos,50,-0.016612121212121234,0.0891178344181825,-0.18640624876687872,64,0.8527158001987588
paridad_k,todos,100,0.07578181818181816,0.0979302814782936,0.7738343752092178,64,0.4418778853828952
paridad_k,todos,250,0.06797575757575756,0.10425363239714079,0.6520229176937707,64,0.5167212806438521
paridad_k,todos,500,0.04801515151515141,0.11030875990363785,0.4352795875603704,64,0.664823935143998
paridad_k,todos,1000,-0.021330303030303168,0.11476942853295269,-0.18585352652669865,64,0.8531474307748743
paridad_k,todos,1500,-0.10602878787878782,0.13069052936967093,-0.8112966439892139,53,0.42082390705162886
