instrumento,prueba,eeuu,resto_mundo,todos,simulado,chi2,df,p_valor,cohens_w,p_bonferroni,notable
rse_k4,cramer_von_mises,0.7324,0.4166,0.5596,0.9534,7211.186392330075,3,0,0.42459352304086306,0,TRUE
rse_k4,jarque_bera,0.5801,0.2235,0.3705,0.7343,6110.311634096146,3,0,0.3908424117881831,0,TRUE
rse_k4,anderson_darling,0.8828,0.6068,0.7549,0.9979,5531.971962833532,3,0,0.37188613723939523,0,TRUE
rse_k4,sstn,0.7135,0.3405,0.5086,0.8029,5356.796237129291,3,0,0.3659506878368072,0,TRUE
rse_k4,shapiro_francia,0.9382,0.6752,0.8321,0.9998,5071.965402518794,3,0,0.356088661800639,0,TRUE
rse_k4,curtosis,0.9799,0.8497,0.9338,0.6698,4612.112157174029,3,0,0.3395626656883096,0,TRUE
mach_k5,pearson_chi2,0.4626,0.5067,0.4872,0.8596,4346.1601214676375,3,0,0.32962706660207824,0,TRUE
hexaco_k7,shapiro_francia,0.675,0.4616,0.6117,0.8779,3962.5889772035134,3,0,0.314745491516698,0,TRUE
rse_k4,pearson_chi2,0.724,0.6995,0.6957,0.9983,3743.8914652957474,3,0,0.30593673632369434,0,TRUE
rse_k4,lilliefors,0.8275,0.6411,0.7239,0.9717,3687.893266435113,3,0,0.30364013512853966,0,TRUE
hexaco_k7,jarque_bera,0.5077,0.2743,0.4284,0.6918,3629.573873341673,3,0,0.30122972435259743,0,TRUE
mach_k5,curtosis,0.9668,0.7737,0.8993,0.6972,3200.1005229089637,3,0,0.28284715496664287,0,TRUE
rse_k4,epps_pulley,0.8565,0.5458,0.7025,0.8241,3035.7870731239027,3,0,0.2754898851647689,0,TRUE
hexaco_k7,shapiro_wilk,0.8297,0.6666,0.7789,0.9591,2851.862543897627,3,0,0.26701416366447805,0,TRUE
hexaco_k7,sstn,0.6851,0.4364,0.602,0.7883,2839.6777584749584,3,0,0.26644313457447905,0,TRUE
hexaco_k7,anderson_darling,0.7272,0.4796,0.65,0.8195,2812.42051165258,3,0,0.26516129580184683,0,TRUE
hexaco_k7,dagostino_pearson,0.7986,0.588,0.735,0.8806,2450.8577454104316,3,0,0.24753069230958166,0,TRUE
hexaco_k7,epps_pulley,0.7919,0.5588,0.7123,0.8336,2205.202274050501,3,0,0.2347979064030651,0,TRUE
hexaco_k7,cramer_von_mises,0.6331,0.3904,0.5533,0.6918,2090.4813458903377,3,0,0.22860890981599655,0,TRUE
mach_k5,lilliefors,0.6021,0.7161,0.6607,0.8753,2024.6829448156002,3,0,0.22498238513356997,0,TRUE
rse_k4,dagostino_pearson,0.9436,0.725,0.8504,0.883,2003.4738566139536,3,0,0.22380090798597943,0,TRUE
rse_k4,shapiro_wilk,0.9929,0.9225,0.9731,1,1355.158911150565,3,1.5821100442438021e-293,0.1840624154431429,8.701605243340911e-292,TRUE
hexaco_k7,lilliefors,0.7062,0.5123,0.6437,0.7386,1319.4348082016897,3,8.929653188689908e-286,0.18162012610127282,4.9113092537794495e-284,TRUE
mach_k5,shapiro_francia,0.7113,0.81,0.7676,0.9025,1209.3600983759359,3,6.829169098042842e-262,0.17387927553161245,3.756043003923563e-260,TRUE
sps_k6,epps_pulley,0.9569,0.9917,0.99,1,717.2045292636112,3,3.902843367336469e-155,0.13390337274165381,2.1465638520350578e-153,TRUE
mach_k5,anderson_darling,0.7417,0.7917,0.7667,0.8819,688.670839486783,3,6.00623678266266e-149,0.13121269369679742,3.3034302304644635e-147,TRUE
mach_k5,shapiro_wilk,0.8817,0.9248,0.9088,0.9717,592.8450795515889,3,3.584825747990212e-128,0.12174205102917283,1.9716541613946166e-126,TRUE
hexaco_k7,curtosis,0.7099,0.5668,0.6679,0.6913,543.5105817957931,3,1.7722201052452633e-117,0.11656656701170721,9.747210578848948e-116,TRUE
mach_k5,cramer_von_mises,0.647,0.7084,0.6746,0.7832,498.5596574404329,3,9.790684540481913e-108,0.11164224754102195,5.384876497265052e-106,TRUE
rwas_k9,curtosis,0.8509,0.8163,0.8269,0.8953,285.5947245097049,3,1.303831454486608e-61,0.08449774028187158,7.171072999676344e-60,FALSE
mach_k5,epps_pulley,0.9028,0.8681,0.8886,0.8313,260.4930513793141,3,3.5168062704578883e-56,0.08069898564717436,1.9342434487518384e-54,FALSE
mach_k5,dagostino_pearson,0.9366,0.8779,0.9094,0.8803,257.9675236562902,3,1.2372583805718042e-55,0.08030683713985538,6.804921093144923e-54,FALSE
mach_k5,jarque_bera,0.5949,0.6517,0.6271,0.6891,206.17235592975973,3,1.9560879399920849e-44,0.07179351571168523,1.0758483669956466e-42,FALSE
sps_k6,curtosis,0.9051,0.8974,0.9091,0.8626,141.71075579779395,3,1.6164962076219322e-30,0.05952116342062585,8.890729141920627e-29,FALSE
hexaco_k7,pearson_chi2,0.7231,0.6722,0.7046,0.722,81.41819720584965,3,1.5233618305486622e-17,0.04511601633728582,8.378490068017642e-16,FALSE
mach_k5,sstn,0.7655,0.7814,0.7705,0.7849,14.256564025517136,3,0.0025759320596667355,0.018878932719778637,0.14167626328167046,FALSE
rwas_k9,shapiro_wilk,1,1,1,1,NA,3,NA,NA,NA,NA
rwas_k9,anderson_darling,1,1,1,1,NA,3,NA,NA,NA,NA
rwas_k9,lilliefors,1,1,1,1,NA,3,NA,NA,NA,NA
rwas_k9,jarque_bera,1,1,1,1,NA,3,NA,NA,NA,NA
rwas_k9,dagostino_pearson,1,1,1,1,NA,3,NA,NA,NA,NA
rwas_k9,cramer_von_mises,1,1,1,1,NA,3,NA,NA,NA,NA
rwas_k9,shapiro_francia,1,1,1,1,NA,3,NA,NA,NA,NA
rwas_k9,pearson_chi2,1,1,1,1,NA,3,NA,NA,NA,NA
rwas_k9,epps_pulley,1,1,1,1,NA,3,NA,NA,NA,NA
rwas_k9,sstn,1,1,1,1,NA,3,NA,NA,NA,NA
sps_k6,shapiro_wilk,1,1,1,1,NA,3,NA,NA,NA,NA
sps_k6,anderson_darling,1,1,1,1,NA,3,NA,NA,NA,NA
sps_k6,lilliefors,1,1,1,1,NA,3,NA,NA,NA,NA
sps_k6,jarque_bera,1,1,1,1,NA,3,NA,NA,NA,NA
sps_k6,dagostino_pearson,1,1,1,1,NA,3,NA,NA,NA,NA
sps_k6,cramer_von_mises,1,1,1,1,NA,3,NA,NA,NA,NA
sps_k6,shapiro_francia,1,1,1,1,NA,3,NA,NA,NA,NA
sps_k6,pearson_chi2,1,1,1,1,NA,3,NA,NA,NA,NA
sps_k6,sstn,1,1,1,1,NA,3,NA,NA,NA,NA
