instrumento,prueba,hombres,mujeres,todos,simulado,chi2,df,p_valor,cohens_w,p_bonferroni,notable
rwas_k9,curtosis,0.221,0.9948,0.8269,0.8953,18759.715347565954,3,0,0.6848305510775267,0,TRUE
mach_k5,shapiro_francia,0.9639,0.4359,0.7676,0.9025,9344.34688914896,3,0,0.48333081034496855,0,TRUE
mach_k5,shapiro_wilk,0.99,0.6402,0.9088,0.9717,7341.614844568108,3,0,0.42841611911108424,0,TRUE
mach_k5,jarque_bera,0.8724,0.3251,0.6271,0.6891,6647.0407577228325,3,0,0.4076469292697675,0,TRUE
mach_k5,pearson_chi2,0.6665,0.3548,0.4872,0.8596,5978.803910119978,3,0,0.38661362851430814,0,TRUE
mach_k5,lilliefors,0.8658,0.4771,0.6607,0.8753,5348.593748233462,3,0,0.36567040310344584,0,TRUE
mach_k5,curtosis,0.5146,0.8785,0.8993,0.6972,5136.661672843794,3,0,0.35835253846051496,0,TRUE
mach_k5,anderson_darling,0.9269,0.5432,0.7667,0.8819,5135.22847218281,3,0,0.3583025422803615,0,TRUE
rse_k4,cramer_von_mises,0.6589,0.5418,0.5596,0.9534,4986.065003220004,3,0,0.3530603703058446,0,TRUE
mach_k5,cramer_von_mises,0.8707,0.4713,0.6746,0.7832,4238.147369752254,3,0,0.32550527529336043,0,TRUE
rse_k4,shapiro_francia,0.9512,0.7321,0.8321,0.9998,4092.0393245514815,3,0,0.31984524869659553,0,TRUE
rse_k4,curtosis,0.9231,0.9173,0.9338,0.6698,4084.5411475697483,3,0,0.31955207508204936,0,TRUE
mach_k5,sstn,0.9283,0.54990000000000006,0.7705,0.7849,3994.277338838125,3,0,0.31600147700755,0,TRUE
rse_k4,jarque_bera,0.4463,0.3383,0.3705,0.7343,3917.5494187018385,3,0,0.31295165036718686,0,TRUE
rse_k4,pearson_chi2,0.7216,0.7006,0.6957,0.9983,3745.5573650775104,3,0,0.3060047942875042,0,TRUE
rse_k4,anderson_darling,0.8669,0.704,0.7549,0.9979,3634.785411103801,3,0,0.3014459077141287,0,TRUE
rse_k4,sstn,0.5877,0.4726,0.5086,0.8029,2722.3039862220917,3,0,0.2608785151283108,0,TRUE
rse_k4,lilliefors,0.7829,0.7202,0.7239,0.9717,2617.569533885465,3,0,0.25581094258677955,0,TRUE
ahs_k8,curtosis,0.1998,0.0286,0.1247,0.1005,1486.9737988017557,3,3.95e-322,0.19280649618216678,2.174e-320,TRUE
mach_k5,dagostino_pearson,0.9431,0.7774,0.9094,0.8803,1428.3809519333722,3,2.04495179206323e-309,0.1889696372392515,1.1247234856347774e-307,TRUE
mach_k5,epps_pulley,0.9237,0.7454,0.8886,0.8313,1404.9304600085281,3,2.5078591899582536e-304,0.1874120100212716,1.3793225544770395e-302,TRUE
sps_k6,curtosis,0.761,0.9059,0.9091,0.8626,1187.2910970656053,3,4.193706742928151e-257,0.17228545332279255,2.306538708610483e-255,TRUE
rse_k4,shapiro_wilk,0.995,0.9424,0.9731,1,943.4824877014241,3,3.274518686649314e-204,0.1535808002080195,1.8009852776571225e-202,TRUE
rse_k4,epps_pulley,0.7613,0.6705,0.7025,0.8241,714.5868693086894,3,1.4421385031989261e-154,0.13365878846045717,7.931761767594093e-153,TRUE
sps_k6,epps_pulley,0.9952,0.9788,0.99,1,278.5962551855587,3,4.261574696401502e-60,0.08345601464028202,2.3438660830208262e-58,FALSE
rse_k4,dagostino_pearson,0.8739,0.825,0.8504,0.883,166.24317273625024,3,8.234835277177099e-36,0.0644676610278848,4.529159402447404e-34,FALSE
ahs_k8,epps_pulley,0.9998,0.9897,0.9906,0.9849,134.02990452170727,3,7.320179265466799e-29,0.0578856425466858,4.0260985960067394e-27,FALSE
ahs_k8,lilliefors,1,0.9998,0.9999,0.9955,121.31224135629637,3,4.0254143834272474e-26,0.05507091822284616,2.213977910884986e-24,FALSE
ahs_k8,cramer_von_mises,1,1,0.9999,0.9979,58.3957540283466,3,1.2939236954211291e-12,0.03820855729687612,7.11658032481621e-11,FALSE
ahs_k8,pearson_chi2,0.9991,0.9959,0.9957,0.9939,36.58240068419239,3,5.639336791289759e-8,0.030241693357099066,3.1016352352093676e-6,FALSE
ahs_k8,jarque_bera,1,1,0.9999,0.9997,6.000600060006661,3,0.11158103452062343,0.012248061132284022,1,FALSE
ahs_k8,dagostino_pearson,1,1,0.9999,0.9997,6.000600060006661,3,0.11158103452062343,0.012248061132284022,1,FALSE
ahs_k8,anderson_darling,1,1,1,0.9998,6.000300015001411,3,0.11159562962514696,0.012247754911616875,1,FALSE
ahs_k8,sstn,1,1,1,0.9999,3.000075001868716,3,0.39161361260278515,0.008660362293040512,1,FALSE
sps_k6,pearson_chi2,0.9999,1,1,1,3.000075001868716,3,0.39161361260278515,0.008660362293040512,1,FALSE
ahs_k8,shapiro_wilk,1,1,1,1,NA,3,NA,NA,NA,NA
ahs_k8,shapiro_francia,1,1,1,1,NA,3,NA,NA,NA,NA
rwas_k9,shapiro_wilk,1,1,1,1,NA,3,NA,NA,NA,NA
rwas_k9,anderson_darling,1,1,1,1,NA,3,NA,NA,NA,NA
rwas_k9,lilliefors,1,1,1,1,NA,3,NA,NA,NA,NA
rwas_k9,jarque_bera,1,1,1,1,NA,3,NA,NA,NA,NA
rwas_k9,dagostino_pearson,1,1,1,1,NA,3,NA,NA,NA,NA
rwas_k9,cramer_von_mises,1,1,1,1,NA,3,NA,NA,NA,NA
rwas_k9,shapiro_francia,1,1,1,1,NA,3,NA,NA,NA,NA
rwas_k9,pearson_chi2,1,1,1,1,NA,3,NA,NA,NA,NA
rwas_k9,epps_pulley,1,1,1,1,NA,3,NA,NA,NA,NA
rwas_k9,sstn,1,1,1,1,NA,3,NA,NA,NA,NA
sps_k6,shapiro_wilk,1,1,1,1,NA,3,NA,NA,NA,NA
sps_k6,anderson_darling,1,1,1,1,NA,3,NA,NA,NA,NA
sps_k6,lilliefors,1,1,1,1,NA,3,NA,NA,NA,NA
sps_k6,jarque_bera,1,1,1,1,NA,3,NA,NA,NA,NA
sps_k6,dagostino_pearson,1,1,1,1,NA,3,NA,NA,NA,NA
sps_k6,cramer_von_mises,1,1,1,1,NA,3,NA,NA,NA,NA
sps_k6,shapiro_francia,1,1,1,1,NA,3,NA,NA,NA,NA
sps_k6,sstn,1,1,1,1,NA,3,NA,NA,NA,NA
