dataset,k,N,n,R,prueba,tasa_nominal_05,tasa_corregida,n_na
hexaco_k7.csv,7,22783,10,10000,shapiro_wilk,0.0435,0.0155,0
hexaco_k7.csv,7,22783,10,10000,anderson_darling,0.0448,0.0145,0
hexaco_k7.csv,7,22783,10,10000,lilliefors,0.0479,0.0177,0
hexaco_k7.csv,7,22783,10,10000,jarque_bera,0.0042,0.0166,0
hexaco_k7.csv,7,22783,10,10000,dagostino_pearson,NA,NA,10000
hexaco_k7.csv,7,22783,10,10000,cramer_von_mises,0.0441,0.0132,0
hexaco_k7.csv,7,22783,10,10000,shapiro_francia,0.0387,0.012,0
hexaco_k7.csv,7,22783,10,10000,pearson_chi2,0.0667,0.0135,0
hexaco_k7.csv,7,22783,10,10000,curtosis,0.0334,0.0221,0
hexaco_k7.csv,7,22783,10,10000,epps_pulley,0.1327,0.063,0
hexaco_k7.csv,7,22783,10,10000,sstn,0.034,0.015,0
hexaco_k7.csv,7,22783,25,10000,shapiro_wilk,0.0622,0.0138,0
hexaco_k7.csv,7,22783,25,10000,anderson_darling,0.0632,0.0077,0
hexaco_k7.csv,7,22783,25,10000,lilliefors,0.0662,0.0083,0
hexaco_k7.csv,7,22783,25,10000,jarque_bera,0.0071,0.0218,0
hexaco_k7.csv,7,22783,25,10000,dagostino_pearson,0.0442,0.0534,0
hexaco_k7.csv,7,22783,25,10000,cramer_von_mises,0.0627,0.006,0
hexaco_k7.csv,7,22783,25,10000,shapiro_francia,0.0401,0.0086,0
hexaco_k7.csv,7,22783,25,10000,pearson_chi2,0.0766,0.0108,0
hexaco_k7.csv,7,22783,25,10000,curtosis,0.0737,0.0981,0
hexaco_k7.csv,7,22783,25,10000,epps_pulley,0.2058,0.1484,0
hexaco_k7.csv,7,22783,25,10000,sstn,0.0477,0.0126,0
hexaco_k7.csv,7,22783,50,10000,shapiro_wilk,0.1061,0.0104,0
hexaco_k7.csv,7,22783,50,10000,anderson_darling,0.108,0.0033,0
hexaco_k7.csv,7,22783,50,10000,lilliefors,0.1062,0.0043,0
hexaco_k7.csv,7,22783,50,10000,jarque_bera,0.0084,0.0493,0
hexaco_k7.csv,7,22783,50,10000,dagostino_pearson,0.0826,0.1646,0
hexaco_k7.csv,7,22783,50,10000,cramer_von_mises,0.0991,0.0025,0
hexaco_k7.csv,7,22783,50,10000,shapiro_francia,0.0549,0.0061,0
hexaco_k7.csv,7,22783,50,10000,pearson_chi2,0.0919,0.0028,0
hexaco_k7.csv,7,22783,50,10000,curtosis,0.1428,0.229,0
hexaco_k7.csv,7,22783,50,10000,epps_pulley,0.2603,0.094,0
hexaco_k7.csv,7,22783,50,10000,sstn,0.086,0.0125,0
hexaco_k7.csv,7,22783,100,10000,shapiro_wilk,0.2524,0.0038,0
hexaco_k7.csv,7,22783,100,10000,anderson_darling,0.2246,7e-4,0
hexaco_k7.csv,7,22783,100,10000,lilliefors,0.2305,0.001,0
hexaco_k7.csv,7,22783,100,10000,jarque_bera,0.0153,0.3179,0
hexaco_k7.csv,7,22783,100,10000,dagostino_pearson,0.2215,0.4832,0
hexaco_k7.csv,7,22783,100,10000,cramer_von_mises,0.196,2e-4,0
hexaco_k7.csv,7,22783,100,10000,shapiro_francia,0.1378,0.0029,0
hexaco_k7.csv,7,22783,100,10000,pearson_chi2,0.1877,7e-4,0
hexaco_k7.csv,7,22783,100,10000,curtosis,0.296,0.4681,0
hexaco_k7.csv,7,22783,100,10000,epps_pulley,0.3849,0.0403,0
hexaco_k7.csv,7,22783,100,10000,sstn,0.1908,0.0077,0
hexaco_k7.csv,7,22783,250,10000,shapiro_wilk,0.7789,1e-4,0
hexaco_k7.csv,7,22783,250,10000,anderson_darling,0.65,0,0
hexaco_k7.csv,7,22783,250,10000,lilliefors,0.6437,2e-4,0
hexaco_k7.csv,7,22783,250,10000,jarque_bera,0.4284,0.9275,0
hexaco_k7.csv,7,22783,250,10000,dagostino_pearson,0.735,0.9509,0
hexaco_k7.csv,7,22783,250,10000,cramer_von_mises,0.5533,0,0
hexaco_k7.csv,7,22783,250,10000,shapiro_francia,0.6117,1e-4,0
hexaco_k7.csv,7,22783,250,10000,pearson_chi2,0.7046,0,0
hexaco_k7.csv,7,22783,250,10000,curtosis,0.6679,0.8499,0
hexaco_k7.csv,7,22783,250,10000,epps_pulley,0.7123,0.0089,0
hexaco_k7.csv,7,22783,250,10000,sstn,0.602,0.0013,0
hexaco_k7.csv,7,22783,500,10000,shapiro_wilk,0.9959,0,0
hexaco_k7.csv,7,22783,500,10000,anderson_darling,0.9702,0,0
hexaco_k7.csv,7,22783,500,10000,lilliefors,0.9641,0,0
hexaco_k7.csv,7,22783,500,10000,jarque_bera,0.9712,0.9997,0
hexaco_k7.csv,7,22783,500,10000,dagostino_pearson,0.9914,0.9997,0
hexaco_k7.csv,7,22783,500,10000,cramer_von_mises,0.9263,0,0
hexaco_k7.csv,7,22783,500,10000,shapiro_francia,0.9844,0,0
hexaco_k7.csv,7,22783,500,10000,pearson_chi2,0.9949,0,0
hexaco_k7.csv,7,22783,500,10000,curtosis,0.9397,0.9862,0
hexaco_k7.csv,7,22783,500,10000,epps_pulley,0.9469,0.0024,0
hexaco_k7.csv,7,22783,500,10000,sstn,0.9522,0,0
hexaco_k7.csv,7,22783,1000,10000,shapiro_wilk,1,0,0
hexaco_k7.csv,7,22783,1000,10000,anderson_darling,1,0,0
hexaco_k7.csv,7,22783,1000,10000,lilliefors,1,0,0
hexaco_k7.csv,7,22783,1000,10000,jarque_bera,1,1,0
hexaco_k7.csv,7,22783,1000,10000,dagostino_pearson,1,1,0
hexaco_k7.csv,7,22783,1000,10000,cramer_von_mises,1,0,0
hexaco_k7.csv,7,22783,1000,10000,shapiro_francia,1,0,0
hexaco_k7.csv,7,22783,1000,10000,pearson_chi2,0.9999,0,0
hexaco_k7.csv,7,22783,1000,10000,curtosis,0.9997,1,0
hexaco_k7.csv,7,22783,1000,10000,epps_pulley,0.9993,3e-4,0
hexaco_k7.csv,7,22783,1000,10000,sstn,1,0,0
hexaco_k7.csv,7,22783,1500,10000,shapiro_wilk,1,0,0
hexaco_k7.csv,7,22783,1500,10000,anderson_darling,1,0,0
hexaco_k7.csv,7,22783,1500,10000,lilliefors,1,0,0
hexaco_k7.csv,7,22783,1500,10000,jarque_bera,1,1,0
hexaco_k7.csv,7,22783,1500,10000,dagostino_pearson,1,1,0
hexaco_k7.csv,7,22783,1500,10000,cramer_von_mises,1,0,0
hexaco_k7.csv,7,22783,1500,10000,shapiro_francia,1,0,0
hexaco_k7.csv,7,22783,1500,10000,pearson_chi2,1,0,0
hexaco_k7.csv,7,22783,1500,10000,curtosis,1,1,0
hexaco_k7.csv,7,22783,1500,10000,epps_pulley,1,0,0
hexaco_k7.csv,7,22783,1500,10000,sstn,1,0,0
