dataset,k,N,n,R,m_umbral,prueba,tasa_nominal_05,tasa_corregida,n_na
rwas_k9.csv,9,9680,10,10000,22,shapiro_wilk,0.4806,0.4555,0
rwas_k9.csv,9,9680,10,10000,22,anderson_darling,0.451,0.4091,0
rwas_k9.csv,9,9680,10,10000,22,lilliefors,0.3412,0.3009,0
rwas_k9.csv,9,9680,10,10000,22,jarque_bera,0.1268,0.3035,0
rwas_k9.csv,9,9680,10,10000,22,dagostino_pearson,NA,NA,10000
rwas_k9.csv,9,9680,10,10000,22,cramer_von_mises,0.4242,0.377,0
rwas_k9.csv,9,9680,10,10000,22,shapiro_francia,0.4598,0.4036,0
rwas_k9.csv,9,9680,10,10000,22,pearson_chi2,0.4268,0.2728,0
rwas_k9.csv,9,9680,10,10000,22,curtosis,0.2018,0.2146,0
rwas_k9.csv,9,9680,10,10000,22,epps_pulley,0.3028,0.2486,0
rwas_k9.csv,9,9680,10,10000,22,sstn,0.4215,0.3947,0
rwas_k9.csv,9,9680,25,10000,22,shapiro_wilk,0.9529,0.9472,0
rwas_k9.csv,9,9680,25,10000,22,anderson_darling,0.9232,0.8915,0
rwas_k9.csv,9,9680,25,10000,22,lilliefors,0.7678,0.7044,0
rwas_k9.csv,9,9680,25,10000,22,jarque_bera,0.5357,0.7666,0
rwas_k9.csv,9,9680,25,10000,22,dagostino_pearson,0.6481,0.6915,0
rwas_k9.csv,9,9680,25,10000,22,cramer_von_mises,0.8956,0.8451,0
rwas_k9.csv,9,9680,25,10000,22,shapiro_francia,0.9306,0.9171,0
rwas_k9.csv,9,9680,25,10000,22,pearson_chi2,0.8338,0.7403,0
rwas_k9.csv,9,9680,25,10000,22,curtosis,0.2688,0.3318,0
rwas_k9.csv,9,9680,25,10000,22,epps_pulley,0.578,0.63,0
rwas_k9.csv,9,9680,25,10000,22,sstn,0.9054,0.8996,0
rwas_k9.csv,9,9680,50,10000,22,shapiro_wilk,1,1,0
rwas_k9.csv,9,9680,50,10000,22,anderson_darling,0.9995,0.9977,0
rwas_k9.csv,9,9680,50,10000,22,lilliefors,0.9844,0.9534,0
rwas_k9.csv,9,9680,50,10000,22,jarque_bera,0.9575,0.999,0
rwas_k9.csv,9,9680,50,10000,22,dagostino_pearson,0.9711,0.9961,0
rwas_k9.csv,9,9680,50,10000,22,cramer_von_mises,0.9982,0.9916,0
rwas_k9.csv,9,9680,50,10000,22,shapiro_francia,0.9998,0.9994,0
rwas_k9.csv,9,9680,50,10000,22,pearson_chi2,0.9932,0.9763,0
rwas_k9.csv,9,9680,50,10000,22,curtosis,0.3426,0.4861,0
rwas_k9.csv,9,9680,50,10000,22,epps_pulley,0.9603,0.9322,0
rwas_k9.csv,9,9680,50,10000,22,sstn,0.9991,0.9988,0
rwas_k9.csv,9,9680,100,10000,22,shapiro_wilk,1,1,0
rwas_k9.csv,9,9680,100,10000,22,anderson_darling,1,1,0
rwas_k9.csv,9,9680,100,10000,22,lilliefors,1,0.9998,0
rwas_k9.csv,9,9680,100,10000,22,jarque_bera,1,1,0
rwas_k9.csv,9,9680,100,10000,22,dagostino_pearson,1,1,0
rwas_k9.csv,9,9680,100,10000,22,cramer_von_mises,1,1,0
rwas_k9.csv,9,9680,100,10000,22,shapiro_francia,1,1,0
rwas_k9.csv,9,9680,100,10000,22,pearson_chi2,1,0.9998,0
rwas_k9.csv,9,9680,100,10000,22,curtosis,0.4939,0.6747,0
rwas_k9.csv,9,9680,100,10000,22,epps_pulley,0.9999,0.9992,0
rwas_k9.csv,9,9680,100,10000,22,sstn,1,1,0
rwas_k9.csv,9,9680,250,10000,22,shapiro_wilk,1,1,0
rwas_k9.csv,9,9680,250,10000,22,anderson_darling,1,1,0
rwas_k9.csv,9,9680,250,10000,22,lilliefors,1,1,0
rwas_k9.csv,9,9680,250,10000,22,jarque_bera,1,1,0
rwas_k9.csv,9,9680,250,10000,22,dagostino_pearson,1,1,0
rwas_k9.csv,9,9680,250,10000,22,cramer_von_mises,1,1,0
rwas_k9.csv,9,9680,250,10000,22,shapiro_francia,1,1,0
rwas_k9.csv,9,9680,250,10000,22,pearson_chi2,1,1,0
rwas_k9.csv,9,9680,250,10000,22,curtosis,0.8269,0.9349,0
rwas_k9.csv,9,9680,250,10000,22,epps_pulley,1,1,0
rwas_k9.csv,9,9680,250,10000,22,sstn,1,1,0
rwas_k9.csv,9,9680,500,10000,22,shapiro_wilk,1,1,0
rwas_k9.csv,9,9680,500,10000,22,anderson_darling,1,1,0
rwas_k9.csv,9,9680,500,10000,22,lilliefors,1,1,0
rwas_k9.csv,9,9680,500,10000,22,jarque_bera,1,1,0
rwas_k9.csv,9,9680,500,10000,22,dagostino_pearson,1,1,0
rwas_k9.csv,9,9680,500,10000,22,cramer_von_mises,1,1,0
rwas_k9.csv,9,9680,500,10000,22,shapiro_francia,1,1,0
rwas_k9.csv,9,9680,500,10000,22,pearson_chi2,1,1,0
rwas_k9.csv,9,9680,500,10000,22,curtosis,0.982,0.9967,0
rwas_k9.csv,9,9680,500,10000,22,epps_pulley,1,1,0
rwas_k9.csv,9,9680,500,10000,22,sstn,1,1,0
rwas_k9.csv,9,9680,1000,10000,22,shapiro_wilk,1,1,0
rwas_k9.csv,9,9680,1000,10000,22,anderson_darling,1,1,0
rwas_k9.csv,9,9680,1000,10000,22,lilliefors,1,1,0
rwas_k9.csv,9,9680,1000,10000,22,jarque_bera,1,1,0
rwas_k9.csv,9,9680,1000,10000,22,dagostino_pearson,1,1,0
rwas_k9.csv,9,9680,1000,10000,22,cramer_von_mises,1,1,0
rwas_k9.csv,9,9680,1000,10000,22,shapiro_francia,1,1,0
rwas_k9.csv,9,9680,1000,10000,22,pearson_chi2,1,1,0
rwas_k9.csv,9,9680,1000,10000,22,curtosis,0.9999,1,0
rwas_k9.csv,9,9680,1000,10000,22,epps_pulley,1,1,0
rwas_k9.csv,9,9680,1000,10000,22,sstn,1,1,0
rwas_k9.csv,9,9680,1500,10000,22,shapiro_wilk,1,1,0
rwas_k9.csv,9,9680,1500,10000,22,anderson_darling,1,1,0
rwas_k9.csv,9,9680,1500,10000,22,lilliefors,1,1,0
rwas_k9.csv,9,9680,1500,10000,22,jarque_bera,1,1,0
rwas_k9.csv,9,9680,1500,10000,22,dagostino_pearson,1,1,0
rwas_k9.csv,9,9680,1500,10000,22,cramer_von_mises,1,1,0
rwas_k9.csv,9,9680,1500,10000,22,shapiro_francia,1,1,0
rwas_k9.csv,9,9680,1500,10000,22,pearson_chi2,1,1,0
rwas_k9.csv,9,9680,1500,10000,22,curtosis,1,1,0
rwas_k9.csv,9,9680,1500,10000,22,epps_pulley,1,1,0
rwas_k9.csv,9,9680,1500,10000,22,sstn,1,0,0
