instrumento,prueba,hombres,mujeres,todos,simulado,brecha_hombres_mujeres,brecha_hombres_todos,brecha_mujeres_todos,brecha_todos_simulado,brecha_max
ahs_k8,shapiro_wilk,1,1,1,1,0,0,0,0,0
ahs_k8,anderson_darling,1,1,1,0.9998,0,0,0,1.9999999999997797e-4,1.9999999999997797e-4
ahs_k8,lilliefors,1,0.9998,0.9999,0.9955,1.9999999999997797e-4,9.999999999998899e-5,9.999999999998899e-5,0.0043999999999999595,0.0043999999999999595
ahs_k8,jarque_bera,1,1,0.9999,0.9997,0,9.999999999998899e-5,9.999999999998899e-5,1.9999999999997797e-4,1.9999999999997797e-4
ahs_k8,dagostino_pearson,1,1,0.9999,0.9997,0,9.999999999998899e-5,9.999999999998899e-5,1.9999999999997797e-4,1.9999999999997797e-4
ahs_k8,cramer_von_mises,1,1,0.9999,0.9979,0,9.999999999998899e-5,9.999999999998899e-5,0.0020000000000000018,0.0020000000000000018
ahs_k8,shapiro_francia,1,1,1,1,0,0,0,0,0
ahs_k8,pearson_chi2,0.9991,0.9959,0.9957,0.9939,0.0031999999999999806,0.0033999999999999586,1.9999999999997797e-4,0.0018000000000000238,0.0033999999999999586
ahs_k8,curtosis,0.1998,0.0286,0.1247,0.1005,0.17120000000000002,0.0751,0.0961,0.0242,0.17120000000000002
ahs_k8,epps_pulley,0.9998,0.9897,0.9906,0.9849,0.010099999999999998,0.009199999999999986,9.000000000000119e-4,0.005700000000000038,0.010099999999999998
ahs_k8,sstn,1,1,1,0.9999,0,0,0,9.999999999998899e-5,9.999999999998899e-5
mach_k5,shapiro_wilk,0.99,0.6402,0.9088,0.9717,0.3498,0.08119999999999994,0.26860000000000006,0.06289999999999996,0.3498
mach_k5,anderson_darling,0.9269,0.5432,0.7667,0.8819,0.38369999999999993,0.1601999999999999,0.22350000000000003,0.11519999999999997,0.38369999999999993
mach_k5,lilliefors,0.8658,0.4771,0.6607,0.8753,0.3887,0.20510000000000006,0.18359999999999993,0.2146,0.3887
mach_k5,jarque_bera,0.8724,0.3251,0.6271,0.6891,0.5472999999999999,0.24529999999999996,0.302,0.062000000000000055,0.5472999999999999
mach_k5,dagostino_pearson,0.9431,0.7774,0.9094,0.8803,0.16570000000000007,0.03370000000000006,0.132,0.029100000000000015,0.16570000000000007
mach_k5,cramer_von_mises,0.8707,0.4713,0.6746,0.7832,0.39940000000000003,0.19610000000000005,0.20329999999999998,0.10860000000000003,0.39940000000000003
mach_k5,shapiro_francia,0.9639,0.4359,0.7676,0.9025,0.528,0.19630000000000003,0.33169999999999994,0.13490000000000002,0.528
mach_k5,pearson_chi2,0.6665,0.3548,0.4872,0.8596,0.3117,0.17929999999999996,0.13240000000000002,0.3724,0.3724
mach_k5,curtosis,0.5146,0.8785,0.8993,0.6972,0.3639,0.38470000000000004,0.02080000000000004,0.20209999999999995,0.38470000000000004
mach_k5,epps_pulley,0.9237,0.7454,0.8886,0.8313,0.17830000000000001,0.03510000000000002,0.1432,0.05729999999999991,0.17830000000000001
mach_k5,sstn,0.9283,0.54990000000000006,0.7705,0.7849,0.37839999999999996,0.15780000000000005,0.2205999999999999,0.01440000000000008,0.37839999999999996
rse_k4,shapiro_wilk,0.995,0.9424,0.9731,1,0.05259999999999998,0.02190000000000003,0.03069999999999995,0.026900000000000035,0.05259999999999998
rse_k4,anderson_darling,0.8669,0.704,0.7549,0.9979,0.16290000000000004,0.11199999999999999,0.050900000000000056,0.243,0.243
rse_k4,lilliefors,0.7829,0.7202,0.7239,0.9717,0.06270000000000009,0.05900000000000005,0.0037000000000000366,0.24780000000000002,0.24780000000000002
rse_k4,jarque_bera,0.4463,0.3383,0.3705,0.7343,0.10799999999999998,0.07579999999999998,0.032200000000000006,0.36379999999999996,0.36379999999999996
rse_k4,dagostino_pearson,0.8739,0.825,0.8504,0.883,0.048900000000000055,0.023499999999999965,0.02540000000000009,0.03259999999999996,0.048900000000000055
rse_k4,cramer_von_mises,0.6589,0.5418,0.5596,0.9534,0.11710000000000009,0.09930000000000005,0.017800000000000038,0.39380000000000004,0.39380000000000004
rse_k4,shapiro_francia,0.9512,0.7321,0.8321,0.9998,0.21910000000000007,0.1191000000000001,0.09999999999999998,0.16770000000000007,0.21910000000000007
rse_k4,pearson_chi2,0.7216,0.7006,0.6957,0.9983,0.02100000000000002,0.025900000000000034,0.0049000000000000155,0.3026,0.3026
rse_k4,curtosis,0.9231,0.9173,0.9338,0.6698,0.005800000000000027,0.010699999999999932,0.01649999999999996,0.264,0.264
rse_k4,epps_pulley,0.7613,0.6705,0.7025,0.8241,0.09079999999999999,0.05879999999999996,0.03200000000000003,0.12160000000000004,0.12160000000000004
rse_k4,sstn,0.5877,0.4726,0.5086,0.8029,0.11509999999999998,0.07909999999999995,0.03600000000000003,0.2942999999999999,0.2942999999999999
rwas_k9,shapiro_wilk,1,1,1,1,0,0,0,0,0
rwas_k9,anderson_darling,1,1,1,1,0,0,0,0,0
rwas_k9,lilliefors,1,1,1,1,0,0,0,0,0
rwas_k9,jarque_bera,1,1,1,1,0,0,0,0,0
rwas_k9,dagostino_pearson,1,1,1,1,0,0,0,0,0
rwas_k9,cramer_von_mises,1,1,1,1,0,0,0,0,0
rwas_k9,shapiro_francia,1,1,1,1,0,0,0,0,0
rwas_k9,pearson_chi2,1,1,1,1,0,0,0,0,0
rwas_k9,curtosis,0.221,0.9948,0.8269,0.8953,0.7738,0.6059,0.16790000000000005,0.06840000000000002,0.7738
rwas_k9,epps_pulley,1,1,1,1,0,0,0,0,0
rwas_k9,sstn,1,1,1,1,0,0,0,0,0
sps_k6,shapiro_wilk,1,1,1,1,0,0,0,0,0
sps_k6,anderson_darling,1,1,1,1,0,0,0,0,0
sps_k6,lilliefors,1,1,1,1,0,0,0,0,0
sps_k6,jarque_bera,1,1,1,1,0,0,0,0,0
sps_k6,dagostino_pearson,1,1,1,1,0,0,0,0,0
sps_k6,cramer_von_mises,1,1,1,1,0,0,0,0,0
sps_k6,shapiro_francia,1,1,1,1,0,0,0,0,0
sps_k6,pearson_chi2,0.9999,1,1,1,9.999999999998899e-5,9.999999999998899e-5,0,0,9.999999999998899e-5
sps_k6,curtosis,0.761,0.9059,0.9091,0.8626,0.14490000000000003,0.1481,0.0031999999999999806,0.046499999999999986,0.1481
sps_k6,epps_pulley,0.9952,0.9788,0.99,1,0.01639999999999997,0.005199999999999982,0.011199999999999988,0.010000000000000009,0.01639999999999997
sps_k6,sstn,1,1,1,1,0,0,0,0,0
