instrumento,prueba,resto_mundo,eeuu,todos,simulado,brecha_eeuu_resto,brecha_eeuu_todos,brecha_resto_todos,brecha_todos_simulado,brecha_max
hexaco_k7,shapiro_wilk,0.6666,0.8297,0.7789,0.9591,0.16310000000000002,0.050799999999999956,0.11230000000000007,0.18019999999999992,0.18019999999999992
hexaco_k7,anderson_darling,0.4796,0.7272,0.65,0.8195,0.24759999999999993,0.07719999999999994,0.1704,0.16949999999999998,0.24759999999999993
hexaco_k7,lilliefors,0.5123,0.7062,0.6437,0.7386,0.19390000000000007,0.0625,0.13140000000000007,0.09489999999999998,0.19390000000000007
hexaco_k7,jarque_bera,0.2743,0.5077,0.4284,0.6918,0.23340000000000005,0.07930000000000004,0.15410000000000001,0.26339999999999997,0.26339999999999997
hexaco_k7,dagostino_pearson,0.588,0.7986,0.735,0.8806,0.2106,0.06359999999999999,0.14700000000000002,0.14560000000000006,0.2106
hexaco_k7,cramer_von_mises,0.3904,0.6331,0.5533,0.6918,0.24269999999999997,0.07979999999999998,0.1629,0.13849999999999996,0.24269999999999997
hexaco_k7,shapiro_francia,0.4616,0.675,0.6117,0.8779,0.21340000000000003,0.06330000000000002,0.1501,0.2662,0.2662
hexaco_k7,pearson_chi2,0.6722,0.7231,0.7046,0.722,0.050899999999999945,0.01849999999999996,0.032399999999999984,0.01739999999999997,0.050899999999999945
hexaco_k7,curtosis,0.5668,0.7099,0.6679,0.6913,0.1431,0.041999999999999926,0.10110000000000008,0.023399999999999976,0.1431
hexaco_k7,epps_pulley,0.5588,0.7919,0.7123,0.8336,0.23310000000000008,0.0796,0.15350000000000008,0.12129999999999996,0.23310000000000008
hexaco_k7,sstn,0.4364,0.6851,0.602,0.7883,0.24870000000000003,0.08310000000000006,0.16559999999999997,0.18630000000000002,0.24870000000000003
mach_k5,shapiro_wilk,0.9248,0.8817,0.9088,0.9717,0.043099999999999916,0.027100000000000013,0.015999999999999903,0.06289999999999996,0.06289999999999996
mach_k5,anderson_darling,0.7917,0.7417,0.7667,0.8819,0.04999999999999993,0.025000000000000022,0.02499999999999991,0.11519999999999997,0.11519999999999997
mach_k5,lilliefors,0.7161,0.6021,0.6607,0.8753,0.11399999999999999,0.058599999999999985,0.055400000000000005,0.2146,0.2146
mach_k5,jarque_bera,0.6517,0.5949,0.6271,0.6891,0.05679999999999996,0.032200000000000006,0.024599999999999955,0.062000000000000055,0.062000000000000055
mach_k5,dagostino_pearson,0.8779,0.9366,0.9094,0.8803,0.058699999999999974,0.027200000000000002,0.03149999999999997,0.029100000000000015,0.058699999999999974
mach_k5,cramer_von_mises,0.7084,0.647,0.6746,0.7832,0.06140000000000001,0.027599999999999958,0.03380000000000005,0.10860000000000003,0.10860000000000003
mach_k5,shapiro_francia,0.81,0.7113,0.7676,0.9025,0.09870000000000001,0.056299999999999906,0.042400000000000104,0.13490000000000002,0.13490000000000002
mach_k5,pearson_chi2,0.5067,0.4626,0.4872,0.8596,0.04410000000000003,0.02460000000000001,0.019500000000000017,0.3724,0.3724
mach_k5,curtosis,0.7737,0.9668,0.8993,0.6972,0.19309999999999994,0.0675,0.12559999999999993,0.20209999999999995,0.20209999999999995
mach_k5,epps_pulley,0.8681,0.9028,0.8886,0.8313,0.034700000000000064,0.014200000000000101,0.020499999999999963,0.05729999999999991,0.05729999999999991
mach_k5,sstn,0.7814,0.7655,0.7705,0.7849,0.015900000000000025,0.0050000000000000044,0.01090000000000002,0.01440000000000008,0.015900000000000025
rse_k4,shapiro_wilk,0.9225,0.9929,0.9731,1,0.07040000000000002,0.01980000000000004,0.05059999999999998,0.026900000000000035,0.07040000000000002
rse_k4,anderson_darling,0.6068,0.8828,0.7549,0.9979,0.276,0.1279,0.1481,0.243,0.276
rse_k4,lilliefors,0.6411,0.8275,0.7239,0.9717,0.1864,0.10360000000000003,0.08279999999999998,0.24780000000000002,0.24780000000000002
rse_k4,jarque_bera,0.2235,0.5801,0.3705,0.7343,0.3565999999999999,0.20959999999999995,0.147,0.36379999999999996,0.36379999999999996
rse_k4,dagostino_pearson,0.725,0.9436,0.8504,0.883,0.21860000000000002,0.09319999999999995,0.12540000000000007,0.03259999999999996,0.21860000000000002
rse_k4,cramer_von_mises,0.4166,0.7324,0.5596,0.9534,0.3158,0.17280000000000006,0.14299999999999996,0.39380000000000004,0.39380000000000004
rse_k4,shapiro_francia,0.6752,0.9382,0.8321,0.9998,0.263,0.10610000000000008,0.15689999999999993,0.16770000000000007,0.263
rse_k4,pearson_chi2,0.6995,0.724,0.6957,0.9983,0.024499999999999966,0.028299999999999992,0.0038000000000000256,0.3026,0.3026
rse_k4,curtosis,0.8497,0.9799,0.9338,0.6698,0.13019999999999998,0.04610000000000003,0.08409999999999995,0.264,0.264
rse_k4,epps_pulley,0.5458,0.8565,0.7025,0.8241,0.3107000000000001,0.15400000000000003,0.15670000000000006,0.12160000000000004,0.3107000000000001
rse_k4,sstn,0.3405,0.7135,0.5086,0.8029,0.373,0.20489999999999997,0.16810000000000003,0.2942999999999999,0.373
rwas_k9,shapiro_wilk,1,1,1,1,0,0,0,0,0
rwas_k9,anderson_darling,1,1,1,1,0,0,0,0,0
rwas_k9,lilliefors,1,1,1,1,0,0,0,0,0
rwas_k9,jarque_bera,1,1,1,1,0,0,0,0,0
rwas_k9,dagostino_pearson,1,1,1,1,0,0,0,0,0
rwas_k9,cramer_von_mises,1,1,1,1,0,0,0,0,0
rwas_k9,shapiro_francia,1,1,1,1,0,0,0,0,0
rwas_k9,pearson_chi2,1,1,1,1,0,0,0,0,0
rwas_k9,curtosis,0.8163,0.8509,0.8269,0.8953,0.034599999999999964,0.02400000000000002,0.010599999999999943,0.06840000000000002,0.06840000000000002
rwas_k9,epps_pulley,1,1,1,1,0,0,0,0,0
rwas_k9,sstn,1,1,1,1,0,0,0,0,0
sps_k6,shapiro_wilk,1,1,1,1,0,0,0,0,0
sps_k6,anderson_darling,1,1,1,1,0,0,0,0,0
sps_k6,lilliefors,1,1,1,1,0,0,0,0,0
sps_k6,jarque_bera,1,1,1,1,0,0,0,0,0
sps_k6,dagostino_pearson,1,1,1,1,0,0,0,0,0
sps_k6,cramer_von_mises,1,1,1,1,0,0,0,0,0
sps_k6,shapiro_francia,1,1,1,1,0,0,0,0,0
sps_k6,pearson_chi2,1,1,1,1,0,0,0,0,0
sps_k6,curtosis,0.8974,0.9051,0.9091,0.8626,0.00770000000000004,0.0040000000000000036,0.011700000000000044,0.046499999999999986,0.046499999999999986
sps_k6,epps_pulley,0.9917,0.9569,0.99,1,0.03480000000000005,0.03310000000000002,0.0017000000000000348,0.010000000000000009,0.03480000000000005
sps_k6,sstn,1,1,1,1,0,0,0,0,0
