nivel,k,lambda,skew_objetivo,kurt_exc_objetivo,skew_logrado,kurt_exc_logrado,dist2,umbral_1,umbral_2,umbral_3,umbral_4,umbral_5,umbral_6,umbral_7,umbral_8
bajo,3,0.5409277384395704,0,-0.7,-1.0960436932841014e-6,-0.6999992494854999,1.764583792452701e-12,-0.5135811329503445,0.4987651512370811,NA,NA,NA,NA,NA,NA
bajo,4,0.8480491834799678,0,-0.7,-4.222988586762051e-7,-0.6999998169762445,2.118340211108801e-13,-0.9373052306750066,0.08033738269434643,1.3265825671790823,NA,NA,NA,NA,NA
bajo,5,0.8289867815709133,0,-0.7,2.701423522636015e-7,-0.6999999327578825,7.749839284294133e-14,-1.0095414141993424,-0.3106019525531297,0.5757888727528042,1.5766954120633714,NA,NA,NA,NA
bajo,6,0.6427785070973958,0,-0.7,-3.8809252709379474e-8,-0.7000001029274658,1.2100221329099756e-14,-0.941177303376842,-0.30732141896344856,-0.08341448322782041,0.6904391456466022,1.519038817632917,NA,NA,NA
bajo,7,0.5233214131185377,0,-0.7,-1.102704680664742e-7,-0.7000002023893797,5.3121037142890246e-14,-1.0181250909405923,-0.391468601454532,-0.08565646951380068,0.13401561427876074,0.3163929470654059,0.7079984463772866,NA,NA
bajo,8,0.5557641831605523,0,-0.7,-1.657159513544612e-7,-0.7000000182660044,2.7795423453223514e-14,-1.27886604007728,-0.751523657663679,-0.3682533062758271,0.1864504372265463,0.24744555156748604,0.4496237441090474,0.5938241784049199,NA
bajo,9,0.5266016788282483,0,-0.7,3.4901300576673245e-7,-0.7000001118457275,1.3431954496963257e-13,-0.7038539101126154,-0.3236255983795331,-0.21988791309862687,0.04073193263500907,0.1737045281378755,0.22241246194914557,1.369270938831075,2.258922491775907
bajo_moderado,3,0.7193313217384008,0.2,-0.55,0.19999851127009505,-0.5499999888582385,2.2164408688655998e-12,-0.4824855800273483,1.0677531035445305,NA,NA,NA,NA,NA,NA
bajo_moderado,4,0.6534715574930559,0.2,-0.55,0.2000000859295465,-0.5499989155336475,1.1834511566554813e-12,-0.5827112245955268,0.43036575477263384,1.7976618501554906,NA,NA,NA,NA,NA
bajo_moderado,5,0.9077003204931036,0.2,-0.55,0.2000006220990204,-0.5499999014917196,3.9671107250505363e-13,-0.6042325797976482,0.2761599640758545,1.7862271190253796,2.391830305793849,NA,NA,NA,NA
bajo_moderado,6,0.6721979547016801,0.2,-0.55,0.1999996781273316,-0.5499998642397261,1.220328666580755e-13,-1.0812187075862334,0.05305788554154578,0.16599211855574691,1.3866827559959596,2.1286536754278464,NA,NA,NA
bajo_moderado,7,0.8736317280058837,0.2,-0.55,0.19999997396113112,-0.5499996302425614,1.3739858614318084e-13,-0.9710910247455068,-0.4055339131488784,-0.0343669835576933,0.8790187402089602,1.3689992111127496,1.910413712685316,NA,NA
bajo_moderado,8,0.5569893578972921,0.2,-0.55,0.1999997631444254,-0.5500005249125683,3.316337675779054e-13,-0.8584536543795345,-0.2921910184716481,-0.1710467290877714,0.305163651980459,0.678200163542434,1.0532184808994145,1.8317738691582115,NA
bajo_moderado,9,0.5120576863428502,0.2,-0.55,0.19999950241544,-0.5500000665445262,2.5201856833315e-13,-0.7710955935623256,-0.38876998532834584,0.00314189939462306,0.18619912895437096,0.3142118488512635,0.4725234573988413,1.4360457907343542,1.5851285821459369
moderado,3,0.5278646339160769,0.7,-0.15,0.7000042757021468,-0.15000441910620266,3.7810128479372846e-11,0.41203673666154,0.726698863483957,NA,NA,NA,NA,NA,NA
moderado,4,0.6831640497412338,0.7,-0.15,0.6999983990387125,-0.1500010959383693,3.764157953162302e-12,-0.0695745658018268,0.7337825492687375,1.7540866764307392,NA,NA,NA,NA,NA
moderado,5,0.6207222800631803,0.7,-0.15,0.6999996322935397,-0.14999947423109816,4.116409790658107e-13,-0.09524824651871322,0.5264248896004228,0.8334638481610014,1.832316519139038,NA,NA,NA,NA
moderado,6,0.857375280198714,0.7,-0.15,0.7000013968328139,-0.15000095289009163,2.8591414369284435e-12,-0.29130168805461565,0.3946641599844618,1.178239771036394,2.307023529870716,2.445214761710788,NA,NA,NA
moderado,7,0.5936683597239327,0.7,-0.15,0.6999995110963997,-0.1499999708773596,2.398748585406748e-13,-0.05471917126897703,0.2839132109071277,0.5008496382899054,0.8521534079306561,1.1398304580497705,2.230357182794843,NA,NA
moderado,8,0.725065452857866,0.7,-0.15,0.7000001466947927,-0.14999998804886827,2.1662191771638304e-14,-0.4990139739682832,0.01222741106720742,0.27431372454716146,0.8746752777003739,1.173508042621461,1.2730317995461995,2.0679552439765,NA
moderado,9,0.5989893018760327,0.7,-0.15,0.6999999774590472,-0.15000002237550847,1.0087579312867109e-15,-0.3618193793809286,0.09192506930576616,0.40687377432310873,0.541885679112009,0.6705660137747946,0.913118870773836,1.1335706899729867,1.448138802483644
alto,3,0.6767601192564655,1,0.4,0.9999999514984976,0.3999990573697936,8.909041018264752e-13,0.331239247605413,1.3230284233184344,NA,NA,NA,NA,NA,NA
alto,4,0.9229111010135924,1,0.4,1.0000001599833372,0.40000285158697535,8.15714294605399e-12,-0.0466274248443854,1.0129496547684422,1.810308032619618,NA,NA,NA,NA,NA
alto,5,0.7973684069408308,1,0.4,1.0000010405942843,0.3999994563685929,1.3783715713092302e-12,-0.5259075105786928,0.8294124270892871,0.8964124567519933,1.3098052282019372,NA,NA,NA,NA
alto,6,0.6973925778176809,1,0.4,0.9999991120133864,0.39999950031443854,1.0382058860439062e-12,0.05676284811920343,0.489874399281088,0.8822379072257983,1.2997960066490866,2.0125307665057517,NA,NA,NA
alto,7,0.8517528376025887,1,0.4,0.9999995618791444,0.40000028864022097,2.7526306125532146e-13,-0.0748330472817802,0.09137020355420186,1.0215652582521988,1.0992824530251906,1.67328593040965,2.1928991720875444,NA,NA
alto,8,0.7612169279178173,1,0.4,0.9999998214674676,0.3999999497405029,3.4399882184589046e-14,0.03272515354589184,0.26805387097932987,0.6171712613650131,1.0458367210840005,1.5542765190564527,2.137824494127043,2.340155919131755,NA
alto,9,0.7489367051318974,1,0.4,0.999999871502261,0.3999999886947476,1.6639477661195438e-14,-1.225040464937202,0.26595726677088605,0.3507302397258343,0.6346480864029651,0.9670671418643648,1.019824112407688,1.6209763360701053,1.717972193641956
muy_alto,3,0.7014996624571388,1.35,1.17,1.3500014765942503,1.1699963459115752,1.553269279549538e-11,0.6770554538162497,1.1009168564922664,NA,NA,NA,NA,NA,NA
muy_alto,4,0.7684086314420844,1.35,1.17,1.3499947832916983,1.169998871520943,2.8487510487653978e-11,0.534654690959827,1.0239327241354976,2.340889047969189,NA,NA,NA,NA,NA
muy_alto,5,0.7488033605840896,1.35,1.17,1.349999185520603,1.169998617977155,2.573363831220928e-12,0.4936754633025624,0.6240366405399432,1.1996501143362928,1.4867148110168174,NA,NA,NA,NA
muy_alto,6,0.8908283882137684,1.35,1.17,1.3500011783747732,1.1700014588057428,3.516681301293218e-12,0.09411764281223792,0.6362404587408732,1.0351706278629438,1.6276131196873564,1.8728222565139931,NA,NA,NA
muy_alto,7,0.8033642166493127,1.35,1.17,1.350000604327969,1.1699993788773764,7.510056076097988e-13,0.19424996101572567,0.7322179571302164,0.981875955901236,1.1052049828515909,2.068084957569724,2.519412635317421,NA,NA
muy_alto,8,0.7893506943911147,1.35,1.17,1.350003627831189,1.169998545979432,1.527533494798829e-11,0.02075855412114754,0.7241256795170365,0.7673356275161896,1.1228099746042024,1.1752621600369753,1.5843718781302392,2.7580192659168645,NA
muy_alto,9,0.8393394587925652,1.35,1.17,1.350000358548983,1.1700000300846105,1.2946245695367593e-13,-0.2551356520133179,0.4195414543257217,0.8479176045579955,0.9343458520217508,1.3037069034038684,1.33793463637911,1.4231362607133948,2.860283390190503
