instrumento,sexo,k,N,n,R,shapiro_wilk,anderson_darling,lilliefors,jarque_bera,dagostino_pearson,cramer_von_mises,shapiro_francia,pearson_chi2,curtosis,epps_pulley,sstn
ahs_k8,hombres,8,498,250,10000,1,1,1,1,1,1,1,0.9991,0.1998,0.9998,1
ahs_k8,mujeres,8,535,250,10000,1,1,0.9998,1,1,1,1,0.9959,0.0286,0.9897,1
mach_k5,hombres,5,39652,250,10000,0.99,0.9269,0.8658,0.8724,0.9431,0.8707,0.9639,0.6665,0.5146,0.9237,0.9283
mach_k5,mujeres,5,32882,250,10000,0.6402,0.5432,0.4771,0.3251,0.7774,0.4713,0.4359,0.3548,0.8785,0.7454,0.54990000000000006
rse_k4,hombres,4,17264,250,10000,0.995,0.8669,0.7829,0.4463,0.8739,0.6589,0.9512,0.7216,0.9231,0.7613,0.5877
rse_k4,mujeres,4,28338,250,10000,0.9424,0.704,0.7202,0.3383,0.825,0.5418,0.7321,0.7006,0.9173,0.6705,0.4726
rwas_k9,hombres,9,6114,250,10000,1,1,1,1,1,1,1,1,0.221,1,1
rwas_k9,mujeres,9,3355,250,10000,1,1,1,1,1,1,1,1,0.9948,1,1
sps_k6,hombres,6,23995,250,10000,1,1,1,1,1,1,1,0.9999,0.761,0.9952,1
sps_k6,mujeres,6,66414,250,10000,1,1,1,1,1,1,1,1,0.9059,0.9788,1
rse_k4,todos,4,46546,250,10000,0.9731,0.7549,0.7239,0.3705,0.8504,0.5596,0.8321,0.6957,0.9338,0.7025,0.5086
mach_k5,todos,5,73486,250,10000,0.9088,0.7667,0.6607,0.6271,0.9094,0.6746,0.7676,0.4872,0.8993,0.8886,0.7705
sps_k6,todos,6,91658,250,10000,1,1,1,1,1,1,1,1,0.9091,0.99,1
rwas_k9,todos,9,9680,250,10000,1,1,1,1,1,1,1,1,0.8269,1,1
ahs_k8,todos,8,1036,250,10000,1,1,0.9999,0.9999,0.9999,0.9999,1,0.9957,0.1247,0.9906,1
rse_k4,simulado,4,NA,250,10000,1,0.9979,0.9717,0.7343,0.883,0.9534,0.9998,0.9983,0.6698,0.8241,0.8029
mach_k5,simulado,5,NA,250,10000,0.9717,0.8819,0.8753,0.6891,0.8803,0.7832,0.9025,0.8596,0.6972,0.8313,0.7849
sps_k6,simulado,6,NA,250,10000,1,1,1,1,1,1,1,1,0.8626,1,1
rwas_k9,simulado,9,NA,250,10000,1,1,1,1,1,1,1,1,0.8953,1,1
ahs_k8,simulado,8,NA,250,10000,1,0.9998,0.9955,0.9997,0.9997,0.9979,1,0.9939,0.1005,0.9849,0.9999
