instrumento,pais,k,N,n,R,shapiro_wilk,anderson_darling,lilliefors,jarque_bera,dagostino_pearson,cramer_von_mises,shapiro_francia,pearson_chi2,curtosis,epps_pulley,sstn
hexaco_k7,resto_mundo,7,7769,10,10000,0.0449,0.0468,0.0471,0.0052,NA,0.0465,0.0435,0.0701,0.0338,0.1204,0.0356
hexaco_k7,resto_mundo,7,7769,25,10000,0.0488,0.0542,0.0561,0.0066,0.0335,0.0563,0.0317,0.0743,0.055,0.1663,0.0383
hexaco_k7,resto_mundo,7,7769,50,10000,0.0823,0.0826,0.0915,0.0056,0.0683,0.0784,0.0427,0.0825,0.1206,0.2099,0.0669
hexaco_k7,resto_mundo,7,7769,100,10000,0.1764,0.1607,0.1819,0.0124,0.1535,0.1428,0.0933,0.1596,0.2253,0.2857,0.1282
hexaco_k7,resto_mundo,7,7769,250,10000,0.6666,0.4796,0.5123,0.2743,0.588,0.3904,0.4616,0.6722,0.5668,0.5588,0.4364
hexaco_k7,eeuu,7,15014,10,10000,0.0454,0.0477,0.0512,0.0045,NA,0.0484,0.0429,0.0691,0.0351,0.1339,0.0361
hexaco_k7,eeuu,7,15014,25,10000,0.0674,0.0728,0.0688,0.0071,0.0422,0.0696,0.0392,0.0814,0.074,0.2197,0.0516
hexaco_k7,eeuu,7,15014,50,10000,0.1195,0.1265,0.1286,0.0062,0.0947,0.1212,0.0661,0.0998,0.1611,0.2851,0.1051
hexaco_k7,eeuu,7,15014,100,10000,0.2886,0.2645,0.2525,0.0188,0.2487,0.2288,0.1637,0.1868,0.3234,0.4326,0.2283
hexaco_k7,eeuu,7,15014,250,10000,0.8297,0.7272,0.7062,0.5077,0.7986,0.6331,0.675,0.7231,0.7099,0.7919,0.6851
mach_k5,resto_mundo,5,39527,10,10000,0.0493,0.0514,0.0532,0.0045,NA,0.0511,0.0435,0.0682,0.0366,0.1494,0.0378
mach_k5,resto_mundo,5,39527,25,10000,0.0773,0.0819,0.0712,0.0053,0.0514,0.0819,0.0423,0.0834,0.0908,0.26,0.0592
mach_k5,resto_mundo,5,39527,50,10000,0.146,0.1437,0.1258,0.0071,0.1229,0.135,0.0756,0.0997,0.2006,0.3421,0.1253
mach_k5,resto_mundo,5,39527,100,10000,0.3648,0.3152,0.2741,0.0233,0.3215,0.2807,0.2104,0.1674,0.395,0.5277,0.2805
mach_k5,resto_mundo,5,39527,250,10000,0.9248,0.7917,0.7161,0.6517,0.8779,0.7084,0.81,0.5067,0.7737,0.8681,0.7814
mach_k5,eeuu,5,33959,10,10000,0.0415,0.0439,0.0476,0.0025,NA,0.0449,0.0345,0.0647,0.0328,0.1518,0.0294
mach_k5,eeuu,5,33959,25,10000,0.0589,0.0652,0.0566,0.0016,0.0498,0.0647,0.0259,0.0718,0.1105,0.2684,0.0422
mach_k5,eeuu,5,33959,50,10000,0.1146,0.1179,0.0915,6e-4,0.1586,0.1097,0.0434,0.0822,0.2775,0.3585,0.1077
mach_k5,eeuu,5,33959,100,10000,0.2919,0.2622,0.1993,0.0055,0.4397,0.2249,0.1404,0.1445,0.5947,0.5538,0.2519
mach_k5,eeuu,5,33959,250,10000,0.8817,0.7417,0.6021,0.5949,0.9366,0.647,0.7113,0.4626,0.9668,0.9028,0.7655
rse_k4,resto_mundo,4,24736,10,10000,0.043,0.0435,0.0501,0.003,NA,0.0453,0.0357,0.0675,0.0291,0.119,0.03
rse_k4,resto_mundo,4,24736,25,10000,0.0434,0.0512,0.0648,0.0015,0.0278,0.0516,0.0228,0.0809,0.0613,0.1702,0.0285
rse_k4,resto_mundo,4,24736,50,10000,0.0743,0.0749,0.1087,4e-4,0.0727,0.0713,0.0248,0.1172,0.148,0.2043,0.0477
rse_k4,resto_mundo,4,24736,100,10000,0.2143,0.1528,0.2171,9e-4,0.2217,0.1211,0.0772,0.3517,0.3754,0.2802,0.0884
rse_k4,resto_mundo,4,24736,250,10000,0.9225,0.6068,0.6411,0.2235,0.725,0.4166,0.6752,0.6995,0.8497,0.5458,0.3405
rse_k4,eeuu,4,21810,10,10000,0.0463,0.0488,0.0516,0.0031,NA,0.0484,0.037,0.0733,0.036,0.1423,0.0285
rse_k4,eeuu,4,21810,25,10000,0.0607,0.0637,0.0699,0.0015,0.0395,0.0627,0.027,0.0861,0.0937,0.2348,0.0375
rse_k4,eeuu,4,21810,50,10000,0.132,0.1255,0.1304,3e-4,0.1452,0.1091,0.0484,0.1251,0.2633,0.322,0.0898
rse_k4,eeuu,4,21810,100,10000,0.4162,0.2958,0.3006,0.0047,0.4288,0.2297,0.1892,0.3692,0.6085,0.4995,0.2178
rse_k4,eeuu,4,21810,250,10000,0.9929,0.8828,0.8275,0.5801,0.9436,0.7324,0.9382,0.724,0.9799,0.8565,0.7135
rwas_k9,resto_mundo,9,529,10,10000,0.361,0.3363,0.2528,0.0905,NA,0.3159,0.3524,0.3169,0.1598,0.2547,0.3224
rwas_k9,resto_mundo,9,529,25,10000,0.8845,0.8318,0.6345,0.4373,0.559,0.7888,0.8431,0.6943,0.2139,0.5344,0.8165
rwas_k9,resto_mundo,9,529,50,10000,0.9991,0.9946,0.9405,0.9046,0.9207,0.9866,0.9971,0.9601,0.2815,0.928,0.9927
rwas_k9,resto_mundo,9,529,100,10000,1,1,0.9999,1,1,1,1,0.9999,0.4245,0.9997,1
rwas_k9,resto_mundo,9,529,250,10000,1,1,1,1,1,1,1,1,0.8163,1,1
rwas_k9,eeuu,9,662,10,10000,0.4934,0.4639,0.3421,0.1316,NA,0.4365,0.4752,0.4317,0.2089,0.2872,0.4397
rwas_k9,eeuu,9,662,25,10000,0.9679,0.9428,0.799,0.5735,0.6872,0.9183,0.951,0.8638,0.2807,0.5535,0.9355
rwas_k9,eeuu,9,662,50,10000,0.9999,0.9998,0.9915,0.9747,0.9836,0.9992,0.9999,0.997,0.3425,0.9623,0.9996
rwas_k9,eeuu,9,662,100,10000,1,1,1,1,1,1,1,1,0.4724,1,1
rwas_k9,eeuu,9,662,250,10000,1,1,1,1,1,1,1,1,0.8509,1,1
sps_k6,resto_mundo,6,89855,10,10000,0.1972,0.1781,0.144,0.0616,NA,0.1641,0.2018,0.1712,0.1305,0.1334,0.1841
sps_k6,resto_mundo,6,89855,25,10000,0.5682,0.4688,0.3381,0.3333,0.4276,0.4072,0.5299,0.3348,0.2451,0.1816,0.4866
sps_k6,resto_mundo,6,89855,50,10000,0.9215,0.8103,0.6561,0.6747,0.7141,0.7125,0.8825,0.6038,0.3828,0.3789,0.8106
sps_k6,resto_mundo,6,89855,100,10000,0.9996,0.9947,0.9651,0.9657,0.9695,0.9724,0.9989,0.956,0.6012,0.7453,0.9883
sps_k6,resto_mundo,6,89855,250,10000,1,1,1,1,1,1,1,1,0.8974,0.9917,1
sps_k6,eeuu,6,1803,10,10000,0.2167,0.193,0.1448,0.0549,NA,0.17,0.2047,0.2149,0.1286,0.1726,0.1672
sps_k6,eeuu,6,1803,25,10000,0.6355,0.5077,0.3223,0.3044,0.3895,0.4006,0.5602,0.4581,0.276,0.2162,0.433
sps_k6,eeuu,6,1803,50,10000,0.9657,0.8826,0.6718,0.5979,0.6489,0.7435,0.928,0.7935,0.4296,0.303,0.7461
sps_k6,eeuu,6,1803,100,10000,1,0.999,0.985,0.9366,0.9486,0.9897,1,0.9945,0.6382,0.5792,0.9764
sps_k6,eeuu,6,1803,250,10000,1,1,1,1,1,1,1,1,0.9051,0.9569,1
rse_k4,todos,4,46546,10,10000,0.0453,0.0442,0.0439,0.0044,NA,0.0443,0.0381,0.0702,0.0319,0.1275,0.0306
rse_k4,todos,4,46546,25,10000,0.0516,0.058,0.0654,0.001,0.035,0.0584,0.0259,0.0899,0.0792,0.1997,0.0338
rse_k4,todos,4,46546,50,10000,0.1024,0.097,0.1162,4e-4,0.1079,0.0838,0.0355,0.1132,0.2078,0.2586,0.0663
rse_k4,todos,4,46546,100,10000,0.3083,0.2129,0.2521,0.0013,0.3186,0.1615,0.1208,0.3526,0.4791,0.3769,0.1397
rse_k4,todos,4,46546,250,10000,0.9731,0.7549,0.7239,0.3705,0.8504,0.5596,0.8321,0.6957,0.9338,0.7025,0.5086
mach_k5,todos,5,73486,10,10000,0.0463,0.0475,0.0476,0.0032,NA,0.0458,0.0392,0.0684,0.0359,0.1495,0.0345
mach_k5,todos,5,73486,25,10000,0.0626,0.0676,0.0651,0.0032,0.0479,0.0683,0.0299,0.0739,0.1032,0.2649,0.0481
mach_k5,todos,5,73486,50,10000,0.1223,0.127,0.1074,0.0029,0.1318,0.1192,0.0523,0.0904,0.2331,0.3472,0.1089
mach_k5,todos,5,73486,100,10000,0.3278,0.2806,0.2272,0.0123,0.3811,0.2467,0.1708,0.1589,0.4949,0.5381,0.26
mach_k5,todos,5,73486,250,10000,0.9088,0.7667,0.6607,0.6271,0.9094,0.6746,0.7676,0.4872,0.8993,0.8886,0.7705
sps_k6,todos,6,91658,10,10000,0.1987,0.1808,0.1464,0.0607,NA,0.1683,0.2035,0.1724,0.1264,0.1358,0.1838
sps_k6,todos,6,91658,25,10000,0.5677,0.4611,0.3266,0.3314,0.4281,0.3925,0.5297,0.3337,0.2488,0.1882,0.4855
sps_k6,todos,6,91658,50,10000,0.9248,0.8156,0.6622,0.6713,0.7149,0.7178,0.8854,0.6109,0.394,0.3854,0.8178
sps_k6,todos,6,91658,100,10000,0.9997,0.995,0.9634,0.9704,0.9731,0.9704,0.9993,0.9598,0.6033,0.7436,0.9902
sps_k6,todos,6,91658,250,10000,1,1,1,1,1,1,1,1,0.9091,0.99,1
hexaco_k7,todos,7,22783,10,10000,0.0435,0.0448,0.0479,0.0042,NA,0.0441,0.0387,0.0667,0.0334,0.1327,0.034
hexaco_k7,todos,7,22783,25,10000,0.0622,0.0632,0.0662,0.0071,0.0442,0.0627,0.0401,0.0766,0.0737,0.2058,0.0477
hexaco_k7,todos,7,22783,50,10000,0.1061,0.108,0.1062,0.0084,0.0826,0.0991,0.0549,0.0919,0.1428,0.2603,0.086
hexaco_k7,todos,7,22783,100,10000,0.2524,0.2246,0.2305,0.0153,0.2215,0.196,0.1378,0.1877,0.296,0.3849,0.1908
hexaco_k7,todos,7,22783,250,10000,0.7789,0.65,0.6437,0.4284,0.735,0.5533,0.6117,0.7046,0.6679,0.7123,0.602
rwas_k9,todos,9,9680,10,10000,0.4806,0.451,0.3412,0.1268,NA,0.4242,0.4598,0.4268,0.2018,0.3028,0.4215
rwas_k9,todos,9,9680,25,10000,0.9529,0.9232,0.7678,0.5357,0.6481,0.8956,0.9306,0.8338,0.2688,0.578,0.9054
rwas_k9,todos,9,9680,50,10000,1,0.9995,0.9844,0.9575,0.9711,0.9982,0.9998,0.9932,0.3426,0.9603,0.9991
rwas_k9,todos,9,9680,100,10000,1,1,1,1,1,1,1,1,0.4939,0.9999,1
rwas_k9,todos,9,9680,250,10000,1,1,1,1,1,1,1,1,0.8269,1,1
