nivel,k,n,R,prueba,tasa_nominal_05,tasa_corregida,n_na
moderado,8,10,10000,shapiro_wilk,0.1118,0.0836,0
moderado,8,10,10000,anderson_darling,0.1037,0.0709,0
moderado,8,10,10000,lilliefors,0.0885,0.0571,0
moderado,8,10,10000,jarque_bera,0.0251,0.0734,0
moderado,8,10,10000,dagostino_pearson,NA,NA,10000
moderado,8,10,10000,cramer_von_mises,0.097,0.0643,0
moderado,8,10,10000,shapiro_francia,0.112,0.0714,0
moderado,8,10,10000,pearson_chi2,0.1071,0.0512,0
moderado,8,10,10000,curtosis,0.069,0.0664,0
moderado,8,10,10000,epps_pulley,0.1465,0.095,0
moderado,8,10,10000,sstn,0.103,0.0809,0
moderado,8,25,10000,shapiro_wilk,0.2877,0.2358,0
moderado,8,25,10000,anderson_darling,0.2389,0.1279,0
moderado,8,25,10000,lilliefors,0.1759,0.0844,0
moderado,8,25,10000,jarque_bera,0.0943,0.1932,0
moderado,8,25,10000,dagostino_pearson,0.1671,0.2003,0
moderado,8,25,10000,cramer_von_mises,0.2131,0.1014,0
moderado,8,25,10000,shapiro_francia,0.2426,0.1792,0
moderado,8,25,10000,pearson_chi2,0.1542,0.0619,0
moderado,8,25,10000,curtosis,0.0942,0.1414,0
moderado,8,25,10000,epps_pulley,0.2846,0.2891,0
moderado,8,25,10000,sstn,0.2475,0.2149,0
moderado,8,50,10000,shapiro_wilk,0.613,0.5022,0
moderado,8,50,10000,anderson_darling,0.4863,0.2261,0
moderado,8,50,10000,lilliefors,0.356,0.1216,0
moderado,8,50,10000,jarque_bera,0.2387,0.5537,0
moderado,8,50,10000,dagostino_pearson,0.321,0.5403,0
moderado,8,50,10000,cramer_von_mises,0.4139,0.1618,0
moderado,8,50,10000,shapiro_francia,0.5243,0.4166,0
moderado,8,50,10000,pearson_chi2,0.2509,0.0927,0
moderado,8,50,10000,curtosis,0.1104,0.1985,0
moderado,8,50,10000,epps_pulley,0.4666,0.3678,0
moderado,8,50,10000,sstn,0.5096,0.4334,0
moderado,8,100,10000,shapiro_wilk,0.9551,0.8297,0
moderado,8,100,10000,anderson_darling,0.86240000000000006,0.4243,0
moderado,8,100,10000,lilliefors,0.7204,0.1889,0
moderado,8,100,10000,jarque_bera,0.673,0.9666,0
moderado,8,100,10000,dagostino_pearson,0.7362,0.958,0
moderado,8,100,10000,cramer_von_mises,0.7692,0.2721,0
moderado,8,100,10000,shapiro_francia,0.9147,0.7828,0
moderado,8,100,10000,pearson_chi2,0.5779,0.1317,0
moderado,8,100,10000,curtosis,0.1118,0.2562,0
moderado,8,100,10000,epps_pulley,0.7397,0.4653,0
moderado,8,100,10000,sstn,0.8701,0.765,0
moderado,8,250,10000,shapiro_wilk,1,0.9972,0
moderado,8,250,10000,anderson_darling,0.9998,0.7707,0
moderado,8,250,10000,lilliefors,0.9955,0.3662,0
moderado,8,250,10000,jarque_bera,0.9997,1,0
moderado,8,250,10000,dagostino_pearson,0.9997,1,0
moderado,8,250,10000,cramer_von_mises,0.9979,0.5335,0
moderado,8,250,10000,shapiro_francia,1,0.9965,0
moderado,8,250,10000,pearson_chi2,0.9939,0.3063,0
moderado,8,250,10000,curtosis,0.1005,0.2688,0
moderado,8,250,10000,epps_pulley,0.9849,0.7309,0
moderado,8,250,10000,sstn,0.9999,0.9898,0
moderado,8,500,10000,shapiro_wilk,1,1,0
moderado,8,500,10000,anderson_darling,1,0.9765,0
moderado,8,500,10000,lilliefors,1,0.6332,0
moderado,8,500,10000,jarque_bera,1,1,0
moderado,8,500,10000,dagostino_pearson,1,1,0
moderado,8,500,10000,cramer_von_mises,1,0.8387,0
moderado,8,500,10000,shapiro_francia,1,1,0
moderado,8,500,10000,pearson_chi2,1,0.2116,0
moderado,8,500,10000,curtosis,0.0978,0.2856,0
moderado,8,500,10000,epps_pulley,0.9999,0.9381,0
moderado,8,500,10000,sstn,1,1,0
moderado,8,1000,10000,shapiro_wilk,1,1,0
moderado,8,1000,10000,anderson_darling,1,0.9997,0
moderado,8,1000,10000,lilliefors,1,0.8758,0
moderado,8,1000,10000,jarque_bera,1,1,0
moderado,8,1000,10000,dagostino_pearson,1,1,0
moderado,8,1000,10000,cramer_von_mises,1,0.9825,0
moderado,8,1000,10000,shapiro_francia,1,1,0
moderado,8,1000,10000,pearson_chi2,1,0.2597,0
moderado,8,1000,10000,curtosis,0.1171,0.3262,0
moderado,8,1000,10000,epps_pulley,1,0.9981,0
moderado,8,1000,10000,sstn,1,0,0
moderado,8,1500,10000,shapiro_wilk,1,1,0
moderado,8,1500,10000,anderson_darling,1,1,0
moderado,8,1500,10000,lilliefors,1,0.967,0
moderado,8,1500,10000,jarque_bera,1,1,0
moderado,8,1500,10000,dagostino_pearson,1,1,0
moderado,8,1500,10000,cramer_von_mises,1,0,0
moderado,8,1500,10000,shapiro_francia,1,1,0
moderado,8,1500,10000,pearson_chi2,1,0.9783,0
moderado,8,1500,10000,curtosis,0.1293,0.3499,0
moderado,8,1500,10000,epps_pulley,1,1,0
moderado,8,1500,10000,sstn,1,0,0
