nivel,k,categoria,prob,prob_min,prob_max
bajo,3,1,0.5095769727326032,0.006084741603488597,0.5095769727326032
bajo,3,2,0.006084741603488597,0.006084741603488597,0.5095769727326032
bajo,3,3,0.48433828566390824,0.006084741603488597,0.5095769727326032
bajo,4,1,0.4052989482249792,0.04148182678046464,0.4052989482249792
bajo,4,2,0.04148182678046464,0.04148182678046464,0.4052989482249792
bajo,4,3,0.26668023051963935,0.04148182678046464,0.4052989482249792
bajo,4,4,0.2865389944749168,0.04148182678046464,0.4052989482249792
bajo,5,1,0.19279151505044972,0.027050669978716302,0.33895260326102505
bajo,5,2,0.26590254130689156,0.027050669978716302,0.33895260326102505
bajo,5,3,0.17530267040291736,0.027050669978716302,0.33895260326102505
bajo,5,4,0.027050669978716302,0.027050669978716302,0.33895260326102505
bajo,5,5,0.33895260326102505,0.027050669978716302,0.33895260326102505
bajo,6,1,0.29445877751620453,0.06398330037943667,0.29445877751620453
bajo,6,2,0.10919321633787099,0.06398330037943667,0.29445877751620453
bajo,6,3,0.1259840588039834,0.06398330037943667,0.29445877751620453
bajo,6,4,0.06398330037943667,0.06398330037943667,0.29445877751620453
bajo,6,5,0.15987110585471298,0.06398330037943667,0.29445877751620453
bajo,6,6,0.24650954110779144,0.06398330037943667,0.29445877751620453
bajo,7,1,0.09439510172944349,0.061659278395346795,0.24864991571893558
bajo,7,2,0.2034736103439978,0.061659278395346795,0.24864991571893558
bajo,7,3,0.19411851923090312,0.061659278395346795,0.24864991571893558
bajo,7,4,0.061659278395346795,0.061659278395346795,0.24864991571893558
bajo,7,5,0.08763318735169845,0.061659278395346795,0.24864991571893558
bajo,7,6,0.11007038722967477,0.061659278395346795,0.24864991571893558
bajo,7,7,0.24864991571893558,0.061659278395346795,0.24864991571893558
bajo,8,1,0.06633869183258359,0.042612920124225795,0.24915725317244108
bajo,8,2,0.22503612018337213,0.042612920124225795,0.24915725317244108
bajo,8,3,0.11087336160232164,0.042612920124225795,0.24915725317244108
bajo,8,4,0.0988279308524953,0.042612920124225795,0.24915725317244108
bajo,8,5,0.07417503937053493,0.042612920124225795,0.24915725317244108
bajo,8,6,0.13297868286202552,0.042612920124225795,0.24915725317244108
bajo,8,7,0.042612920124225795,0.042612920124225795,0.24915725317244108
bajo,8,8,0.24915725317244108,0.042612920124225795,0.24915725317244108
bajo,9,1,0.1195012690507543,0.010431994582994208,0.2941499187946376
bajo,9,2,0.19297085099805777,0.010431994582994208,0.2941499187946376
bajo,9,3,0.15486351388929426,0.010431994582994208,0.2941499187946376
bajo,9,4,0.010431994582994208,0.010431994582994208,0.2941499187946376
bajo,9,5,0.051689958453215445,0.010431994582994208,0.2941499187946376
bajo,9,6,0.0958363810363807,0.010431994582994208,0.2941499187946376
bajo,9,7,0.028778205993020722,0.010431994582994208,0.2941499187946376
bajo,9,8,0.05177790720164499,0.010431994582994208,0.2941499187946376
bajo,9,9,0.2941499187946376,0.010431994582994208,0.2941499187946376
bajo_moderado,3,1,0.5347983891075443,0.12696052557640947,0.5347983891075443
bajo_moderado,3,2,0.12696052557640947,0.12696052557640947,0.5347983891075443
bajo_moderado,3,3,0.33824108531604624,0.12696052557640947,0.5347983891075443
bajo_moderado,4,1,0.3001654240422388,0.009945496488519945,0.48022641172774694
bajo_moderado,4,2,0.48022641172774694,0.009945496488519945,0.48022641172774694
bajo_moderado,4,3,0.20966266774149434,0.009945496488519945,0.48022641172774694
bajo_moderado,4,4,0.009945496488519945,0.009945496488519945,0.48022641172774694
bajo_moderado,5,1,0.31434789938331376,0.12803000707796242,0.31434789938331376
bajo_moderado,5,2,0.20044463848238203,0.12803000707796242,0.31434789938331376
bajo_moderado,5,3,0.1899037512517633,0.12803000707796242,0.31434789938331376
bajo_moderado,5,4,0.12803000707796242,0.12803000707796242,0.31434789938331376
bajo_moderado,5,5,0.1672737038045785,0.12803000707796242,0.31434789938331376
bajo_moderado,6,1,0.31273725999499635,0.031064561387099787,0.31273725999499635
bajo_moderado,6,2,0.1218925416060817,0.031064561387099787,0.31273725999499635
bajo_moderado,6,3,0.22881017292771105,0.031064561387099787,0.31273725999499635
bajo_moderado,6,4,0.2694876747547288,0.031064561387099787,0.31273725999499635
bajo_moderado,6,5,0.03600778932938231,0.031064561387099787,0.31273725999499635
bajo_moderado,6,6,0.031064561387099787,0.031064561387099787,0.31273725999499635
bajo_moderado,7,1,0.2796705567023907,4.0454952056767635e-4,0.2796705567023907
bajo_moderado,7,2,0.2655822691345118,4.0454952056767635e-4,0.2796705567023907
bajo_moderado,7,3,4.0454952056767635e-4,4.0454952056767635e-4,0.2796705567023907
bajo_moderado,7,4,0.07794939743386031,4.0454952056767635e-4,0.2796705567023907
bajo_moderado,7,5,0.08930932379040646,4.0454952056767635e-4,0.2796705567023907
bajo_moderado,7,6,0.15150647842468046,4.0454952056767635e-4,0.2796705567023907
bajo_moderado,7,7,0.1355774249935826,4.0454952056767635e-4,0.2796705567023907
bajo_moderado,8,1,0.17522458426533266,0.011575619511106305,0.2157928872976982
bajo_moderado,8,2,0.16351403176420515,0.011575619511106305,0.2157928872976982
bajo_moderado,8,3,0.15752008858828725,0.011575619511106305,0.2157928872976982
bajo_moderado,8,4,0.2157928872976982,0.011575619511106305,0.2157928872976982
bajo_moderado,8,5,0.18684164426200223,0.011575619511106305,0.2157928872976982
bajo_moderado,8,6,0.05294590186623738,0.011575619511106305,0.2157928872976982
bajo_moderado,8,7,0.03658524244513084,0.011575619511106305,0.2157928872976982
bajo_moderado,8,8,0.011575619511106305,0.011575619511106305,0.2157928872976982
bajo_moderado,9,1,0.13768497262088647,0.009789737050508451,0.3181593112766768
bajo_moderado,9,2,0.3181593112766768,0.009789737050508451,0.3181593112766768
bajo_moderado,9,3,0.034692158540830076,0.009789737050508451,0.3181593112766768
bajo_moderado,9,4,0.08396067684355735,0.009789737050508451,0.3181593112766768
bajo_moderado,9,5,0.0614297575787327,0.009789737050508451,0.3181593112766768
bajo_moderado,9,6,0.009789737050508451,0.009789737050508451,0.3181593112766768
bajo_moderado,9,7,0.17606890146440568,0.009789737050508451,0.3181593112766768
bajo_moderado,9,8,0.06969724328133953,0.009789737050508451,0.3181593112766768
bajo_moderado,9,9,0.10851724134306295,0.009789737050508451,0.3181593112766768
moderado,3,1,0.62809289043794,0.15181039598585677,0.62809289043794
moderado,3,2,0.2200967135762032,0.15181039598585677,0.62809289043794
moderado,3,3,0.15181039598585677,0.15181039598585677,0.62809289043794
moderado,4,1,0.2855063869219653,0.08463764162596343,0.5069502348620104
moderado,4,2,0.5069502348620104,0.08463764162596343,0.5069502348620104
moderado,4,3,0.12290573659006088,0.08463764162596343,0.5069502348620104
moderado,4,4,0.08463764162596343,0.08463764162596343,0.5069502348620104
moderado,5,1,0.559460096975447,0.025906010111174327,0.559460096975447
moderado,5,2,0.08455468667471067,0.025906010111174327,0.559460096975447
moderado,5,3,0.24681639465195981,0.025906010111174327,0.559460096975447
moderado,5,4,0.08326281158670823,0.025906010111174327,0.559460096975447
moderado,5,5,0.025906010111174327,0.025906010111174327,0.559460096975447
moderado,6,1,0.4378948063010938,0.01160019276308033,0.4378948063010938
moderado,6,2,0.19284793626241814,0.01160019276308033,0.4378948063010938
moderado,6,3,0.19708040866948084,0.01160019276308033,0.4378948063010938
moderado,6,4,0.0764301167112813,0.01160019276308033,0.4378948063010938
moderado,6,5,0.0841465392926456,0.01160019276308033,0.4378948063010938
moderado,6,6,0.01160019276308033,0.01160019276308033,0.4378948063010938
moderado,7,1,0.3896021794263961,0.016625836077511336,0.3896021794263961
moderado,7,2,0.17532030452956127,0.016625836077511336,0.3896021794263961
moderado,7,3,0.1544285413740364,0.016625836077511336,0.3896021794263961
moderado,7,4,0.1346483191776343,0.016625836077511336,0.3896021794263961
moderado,7,5,0.016625836077511336,0.016625836077511336,0.3896021794263961
moderado,7,6,0.07377287399739896,0.016625836077511336,0.3896021794263961
moderado,7,7,0.05560194541746166,0.016625836077511336,0.3896021794263961
moderado,8,1,0.346944497516401,0.009264904062841861,0.346944497516401
moderado,8,2,0.21263909175714446,0.009264904062841861,0.346944497516401
moderado,8,3,0.13170657125372442,0.009264904062841861,0.346944497516401
moderado,8,4,0.11032288230878096,0.009264904062841861,0.346944497516401
moderado,8,5,0.03629489493592808,0.009264904062841861,0.346944497516401
moderado,8,6,0.009264904062841861,0.009264904062841861,0.346944497516401
moderado,8,7,0.042538494782945246,0.009264904062841861,0.346944497516401
moderado,8,8,0.11028866338223398,0.009264904062841861,0.346944497516401
moderado,9,1,0.31676245994620045,0.012788384559915711,0.31676245994620045
moderado,9,2,0.19377806162077138,0.012788384559915711,0.31676245994620045
moderado,9,3,0.173210288889593,0.012788384559915711,0.31676245994620045
moderado,9,4,0.08261697687610914,0.012788384559915711,0.31676245994620045
moderado,9,5,0.0579319621978599,0.012788384559915711,0.31676245994620045
moderado,9,6,0.024470429136120964,0.012788384559915711,0.31676245994620045
moderado,9,7,0.08290118541213687,0.012788384559915711,0.31676245994620045
moderado,9,8,0.05554025136129259,0.012788384559915711,0.31676245994620045
moderado,9,9,0.012788384559915711,0.012788384559915711,0.31676245994620045
alto,3,1,0.7288895551047757,0.03191835487730765,0.7288895551047757
alto,3,2,0.23919209001791664,0.03191835487730765,0.7288895551047757
alto,3,3,0.03191835487730765,0.03191835487730765,0.7288895551047757
alto,4,1,0.7329834905282457,0.04140052878545075,0.7329834905282457
alto,4,2,0.102838618132568,0.04140052878545075,0.7329834905282457
alto,4,3,0.1227773625537355,0.04140052878545075,0.7329834905282457
alto,4,4,0.04140052878545075,0.04140052878545075,0.7329834905282457
alto,5,1,0.6207454841773747,0.007000717763191222,0.6207454841773747
alto,5,2,0.2444974639658546,0.007000717763191222,0.6207454841773747
alto,5,3,0.007000717763191222,0.007000717763191222,0.6207454841773747
alto,5,4,0.09984699374245942,0.007000717763191222,0.6207454841773747
alto,5,5,0.027909340351120027,0.007000717763191222,0.6207454841773747
alto,6,1,0.5020633140286356,0.005093635341357539,0.5020633140286356
alto,6,2,0.3017110551325509,0.005093635341357539,0.5020633140286356
alto,6,3,0.11607882993950402,0.005093635341357539,0.5020633140286356
alto,6,4,0.06332616290672077,0.005093635341357539,0.5020633140286356
alto,6,5,0.011727002651231166,0.005093635341357539,0.5020633140286356
alto,6,6,0.005093635341357539,0.005093635341357539,0.5020633140286356
alto,7,1,0.5286207928222943,0.006525495331982989,0.5286207928222943
alto,7,2,0.17023682067944623,0.006525495331982989,0.5286207928222943
alto,7,3,0.19496964785350324,0.006525495331982989,0.5286207928222943
alto,7,4,0.06354767164966146,0.006525495331982989,0.5286207928222943
alto,7,5,0.028464542880427213,0.006525495331982989,0.5286207928222943
alto,7,6,0.0076350287826845165,0.006525495331982989,0.5286207928222943
alto,7,7,0.006525495331982989,0.006525495331982989,0.5286207928222943
alto,8,1,0.4581529792797214,6.302198777843326e-4,0.4581529792797214
alto,8,2,0.24386661692249917,6.302198777843326e-4,0.4581529792797214
alto,8,3,0.21161311913605052,6.302198777843326e-4,0.4581529792797214
alto,8,4,0.012241874084483961,6.302198777843326e-4,0.4581529792797214
alto,8,5,0.030528104979451243,6.302198777843326e-4,0.4581529792797214
alto,8,6,0.04217191614754234,6.302198777843326e-4,0.4581529792797214
alto,8,7,7.951695724670582e-4,6.302198777843326e-4,0.4581529792797214
alto,8,8,6.302198777843326e-4,6.302198777843326e-4,0.4581529792797214
alto,9,1,0.546522890381921,0.0037913887741486407,0.546522890381921
alto,9,2,0.15108019298233855,0.0037913887741486407,0.546522890381921
alto,9,3,0.13966556946805408,0.0037913887741486407,0.546522890381921
alto,9,4,0.0037913887741486407,0.0037913887741486407,0.546522890381921
alto,9,5,0.04247855152043434,0.0037913887741486407,0.546522890381921
alto,9,6,0.023708657118691634,0.0037913887741486407,0.546522890381921
alto,9,7,0.064972333702913,0.0037913887741486407,0.546522890381921
alto,9,8,0.01116071577497113,0.0037913887741486407,0.546522890381921
alto,9,9,0.016619700276527594,0.0037913887741486407,0.546522890381921
muy_alto,3,1,0.9071955170315011,0.02480172004381287,0.9071955170315011
muy_alto,3,2,0.06800276292468599,0.02480172004381287,0.9071955170315011
muy_alto,3,3,0.02480172004381287,0.02480172004381287,0.9071955170315011
muy_alto,4,1,0.907765543133723,0.02315498313901332,0.907765543133723
muy_alto,4,2,0.03499835479750868,0.02315498313901332,0.907765543133723
muy_alto,4,3,0.03408111892975496,0.02315498313901332,0.907765543133723
muy_alto,4,4,0.02315498313901332,0.02315498313901332,0.907765543133723
muy_alto,5,1,0.7496904113524137,0.004015060536405879,0.7496904113524137
muy_alto,5,2,0.20884312455290455,0.004015060536405879,0.7496904113524137
muy_alto,5,3,0.026863181598330343,0.004015060536405879,0.7496904113524137
muy_alto,5,4,0.010588221959945576,0.004015060536405879,0.7496904113524137
muy_alto,5,5,0.004015060536405879,0.004015060536405879,0.7496904113524137
muy_alto,6,1,0.7946846077126264,0.0032417711876215893,0.7946846077126264
muy_alto,6,2,0.1269027813931345,0.0032417711876215893,0.7946846077126264
muy_alto,6,3,0.04861060960386887,0.0032417711876215893,0.7946846077126264
muy_alto,6,4,0.017842023633323434,0.0032417711876215893,0.7946846077126264
muy_alto,6,5,0.008718206469425227,0.0032417711876215893,0.7946846077126264
muy_alto,6,6,0.0032417711876215893,0.0032417711876215893,0.7946846077126264
muy_alto,7,1,0.673387523153901,0.0020156871132156473,0.673387523153901
muy_alto,7,2,0.22472738563794892,0.0020156871132156473,0.673387523153901
muy_alto,7,3,0.06664036650622718,0.0020156871132156473,0.673387523153901
muy_alto,7,4,0.01869510400034946,0.0020156871132156473,0.673387523153901
muy_alto,7,5,0.0073941466202981365,0.0020156871132156473,0.673387523153901
muy_alto,7,6,0.007139786968059614,0.0020156871132156473,0.673387523153901
muy_alto,7,7,0.0020156871132156473,0.0020156871132156473,0.673387523153901
muy_alto,8,1,0.7047877317644851,3.7117565016742127e-4,0.7047877317644851
muy_alto,8,2,0.1966202228273769,3.7117565016742127e-4,0.7047877317644851
muy_alto,8,3,0.03264638350561311,3.7117565016742127e-4,0.7047877317644851
muy_alto,8,4,0.03961894976189073,3.7117565016742127e-4,0.7047877317644851
muy_alto,8,5,0.008525723640628757,3.7117565016742127e-4,0.7047877317644851
muy_alto,8,6,0.013762541541164852,3.7117565016742127e-4,0.7047877317644851
muy_alto,8,7,3.7117565016742127e-4,3.7117565016742127e-4,0.7047877317644851
muy_alto,8,8,0.00366727130867317,3.7117565016742127e-4,0.7047877317644851
muy_alto,9,1,0.6765764934123575,4.5162052327263336e-4,0.6765764934123575
muy_alto,9,2,0.23370351801556954,4.5162052327263336e-4,0.6765764934123575
muy_alto,9,3,0.0015194749983464817,4.5162052327263336e-4,0.6765764934123575
muy_alto,9,4,0.06038150868400971,4.5162052327263336e-4,0.6765764934123575
muy_alto,9,5,0.016563413313207098,4.5162052327263336e-4,0.6765764934123575
muy_alto,9,6,4.5162052327263336e-4,4.5162052327263336e-4,0.6765764934123575
muy_alto,9,7,0.009172329307493343,4.5162052327263336e-4,0.6765764934123575
muy_alto,9,8,7.070476386615843e-4,4.5162052327263336e-4,0.6765764934123575
muy_alto,9,9,9.245941070821218e-4,4.5162052327263336e-4,0.6765764934123575
normal,3,1,0.2272639661910945,0.1127841608201191,0.6599518729887863
normal,3,2,0.6599518729887863,0.1127841608201191,0.6599518729887863
normal,3,3,0.1127841608201191,0.1127841608201191,0.6599518729887863
normal,4,1,9.345123979743477e-5,9.345123979743477e-5,0.6651366641939597
normal,4,2,0.11963698141192804,9.345123979743477e-5,0.6651366641939597
normal,4,3,0.6651366641939597,9.345123979743477e-5,0.6651366641939597
normal,4,4,0.21513290315431488,9.345123979743477e-5,0.6651366641939597
normal,5,1,0.07431612387063587,0.07431612387063587,0.5304722350079392
normal,5,2,0.1362529109823829,0.07431612387063587,0.5304722350079392
normal,5,3,0.5304722350079392,0.07431612387063587,0.5304722350079392
normal,5,4,0.16180380907820546,0.07431612387063587,0.5304722350079392
normal,5,5,0.09715492106083656,0.07431612387063587,0.5304722350079392
normal,6,1,0.12092286507262749,0.023286181171193965,0.43393948681151856
normal,6,2,0.10983893066827884,0.023286181171193965,0.43393948681151856
normal,6,3,0.43393948681151856,0.023286181171193965,0.43393948681151856
normal,6,4,0.2544123656026117,0.023286181171193965,0.43393948681151856
normal,6,5,0.057600170673769435,0.023286181171193965,0.43393948681151856
normal,6,6,0.023286181171193965,0.023286181171193965,0.43393948681151856
normal,7,1,0.1551449460604365,0.027095328437031857,0.4698809084579256
normal,7,2,0.027095328437031857,0.027095328437031857,0.4698809084579256
normal,7,3,0.17703263240157538,0.027095328437031857,0.4698809084579256
normal,7,4,0.4698809084579256,0.027095328437031857,0.4698809084579256
normal,7,5,0.06580751910514981,0.027095328437031857,0.4698809084579256
normal,7,6,0.05597112907834023,0.027095328437031857,0.4698809084579256
normal,7,7,0.04906753645954065,0.027095328437031857,0.4698809084579256
normal,8,1,0.026404178148408047,0.026404178148408047,0.44977391624214363
normal,8,2,0.06990360039451801,0.026404178148408047,0.44977391624214363
normal,8,3,0.15120913021136367,0.026404178148408047,0.44977391624214363
normal,8,4,0.11860376440859574,0.026404178148408047,0.44977391624214363
normal,8,5,0.44977391624214363,0.026404178148408047,0.44977391624214363
normal,8,6,0.04766380229708256,0.026404178148408047,0.44977391624214363
normal,8,7,0.07141670240260123,0.026404178148408047,0.44977391624214363
normal,8,8,0.06502490589528709,0.026404178148408047,0.44977391624214363
normal,9,1,0.07483273188643962,0.017946770096236908,0.4946425347478144
normal,9,2,0.06975262130809769,0.017946770096236908,0.4946425347478144
normal,9,3,0.10414381175488638,0.017946770096236908,0.4946425347478144
normal,9,4,0.09275532698240072,0.017946770096236908,0.4946425347478144
normal,9,5,0.4946425347478144,0.017946770096236908,0.4946425347478144
normal,9,6,0.019227732878161152,0.017946770096236908,0.4946425347478144
normal,9,7,0.044256810716279404,0.017946770096236908,0.4946425347478144
normal,9,8,0.08244165962968375,0.017946770096236908,0.4946425347478144
normal,9,9,0.017946770096236908,0.017946770096236908,0.4946425347478144
