instrumento,prueba,par,tasa_a,tasa_b,brecha,p_valor,cohens_h,p_bonferroni,notable
rwas_k9,curtosis,hombres_mujeres,0.221,0.9948,0.7738,0,-2.0184227311337324,0,TRUE
mach_k5,shapiro_francia,hombres_mujeres,0.9639,0.4359,0.528,0,1.3170258228990306,0,TRUE
rwas_k9,curtosis,hombres_todos,0.221,0.8269,0.6059,0,-1.304569371390156,0,TRUE
mach_k5,jarque_bera,hombres_mujeres,0.8724,0.3251,0.5472999999999999,0,1.1975926781305448,0,TRUE
mach_k5,shapiro_wilk,hombres_mujeres,0.99,0.6402,0.3498,0,1.086250683263359,0,TRUE
rse_k4,pearson_chi2,todos_simulado,0.6957,0.9983,0.3026,0,-1.086158356500298,0,TRUE
rse_k4,cramer_von_mises,todos_simulado,0.5596,0.9534,0.39380000000000004,0,-1.0161460486916098,0,TRUE
rse_k4,anderson_darling,todos_simulado,0.7549,0.9979,0.243,0,-0.9441604092045845,0,TRUE
mach_k5,anderson_darling,hombres_mujeres,0.9269,0.5432,0.38369999999999993,0,0.9367335784219473,0,TRUE
mach_k5,sstn,hombres_mujeres,0.9283,0.54990000000000006,0.37839999999999996,0,0.9286773772415624,0,TRUE
mach_k5,curtosis,hombres_todos,0.5146,0.8993,0.38470000000000004,0,-0.8957613498392973,0,TRUE
mach_k5,cramer_von_mises,hombres_mujeres,0.8707,0.4713,0.39940000000000003,0,0.8925857689116621,0,TRUE
mach_k5,lilliefors,hombres_mujeres,0.8658,0.4771,0.3887,0,0.8664819877112453,0,TRUE
mach_k5,curtosis,hombres_mujeres,0.5146,0.8785,0.3639,0,-0.8295054077759838,0,TRUE
mach_k5,pearson_chi2,todos_simulado,0.4872,0.8596,0.3724,0,-0.8282530234179406,0,TRUE
rse_k4,shapiro_francia,todos_simulado,0.8321,0.9998,0.16770000000000007,0,-0.8160879595950461,0,TRUE
rse_k4,lilliefors,todos_simulado,0.7239,0.9717,0.24780000000000002,0,-0.7684334242548756,0,TRUE
rse_k4,jarque_bera,todos_simulado,0.3705,0.7343,0.36379999999999996,0,-0.7496920741943334,0,TRUE
rwas_k9,curtosis,mujeres_todos,0.9948,0.8269,0.16790000000000005,0,0.7138533597435761,0,TRUE
rse_k4,curtosis,todos_simulado,0.9338,0.6698,0.264,0,0.7038637939959769,0,TRUE
mach_k5,shapiro_francia,mujeres_todos,0.4359,0.7676,0.33169999999999994,0,-0.6932982818856817,0,TRUE
mach_k5,shapiro_wilk,mujeres_todos,0.6402,0.9088,0.26860000000000006,0,-0.673019585765231,0,TRUE
rse_k4,shapiro_francia,hombres_mujeres,0.9512,0.7321,0.21910000000000007,0,0.642575991373671,0,TRUE
mach_k5,pearson_chi2,hombres_mujeres,0.6665,0.3548,0.3117,0,0.6341282035773061,0,TRUE
rse_k4,sstn,todos_simulado,0.5086,0.8029,0.2942999999999999,0,-0.6335701437556265,0,TRUE
mach_k5,shapiro_francia,hombres_todos,0.9639,0.7676,0.19630000000000003,0,0.6237275410133489,0,TRUE
mach_k5,jarque_bera,mujeres_todos,0.3251,0.6271,0.302,0,-0.6143780499410343,0,TRUE
ahs_k8,curtosis,hombres_mujeres,0.1998,0.0286,0.17120000000000002,1.2869353e-316,0.5869310910357035,2.83125761e-314,TRUE
mach_k5,jarque_bera,hombres_todos,0.8724,0.6271,0.24529999999999996,0,0.5832146281895105,0,TRUE
mach_k5,lilliefors,todos_simulado,0.6607,0.8753,0.2146,9.490745765618304e-283,-0.5217621028958188,2.087964068436027e-280,TRUE
mach_k5,curtosis,todos_simulado,0.8993,0.6972,0.20209999999999995,1.8212686055683634e-277,0.5195506684495694,4.0067909322503994e-275,TRUE
mach_k5,dagostino_pearson,hombres_mujeres,0.9431,0.7774,0.16570000000000007,5.079338564573196e-250,0.500955170166864,1.1174544842061031e-247,TRUE
mach_k5,epps_pulley,hombres_mujeres,0.9237,0.7454,0.17830000000000001,4.677941937830182e-252,0.49806143792172275,1.0291472263226401e-249,TRUE
mach_k5,lilliefors,hombres_todos,0.8658,0.6607,0.20510000000000006,7.256866640431307e-255,0.4934584026505022,1.5965106608948875e-252,TRUE
mach_k5,cramer_von_mises,hombres_todos,0.8707,0.6746,0.19610000000000005,8.699833819850927e-240,0.4784369792850396,1.913963440367204e-237,TRUE
mach_k5,anderson_darling,mujeres_todos,0.5432,0.7667,0.22350000000000003,4.044947869215272e-242,-0.476107199403901,8.898885312273598e-240,TRUE
mach_k5,sstn,mujeres_todos,0.54990000000000006,0.7705,0.2205999999999999,1.1827371086752422e-237,-0.4716592683804697,2.602021639085533e-235,TRUE
mach_k5,anderson_darling,hombres_todos,0.9269,0.7667,0.1601999999999999,7.662174779206676e-217,0.46062637901804626,1.685678451425469e-214,TRUE
mach_k5,sstn,hombres_todos,0.9283,0.7705,0.15780000000000005,2.1183486272018267e-213,0.45701810886109273,4.660366979844019e-211,TRUE
mach_k5,cramer_von_mises,mujeres_todos,0.4713,0.6746,0.20329999999999998,1.6477152255929997e-185,-0.4141487896266225,3.624973496304599e-183,TRUE
mach_k5,shapiro_wilk,hombres_todos,0.99,0.9088,0.08119999999999994,6.809775969485266e-151,0.4132310974981279,1.4981507132867586e-148,TRUE
sps_k6,curtosis,hombres_todos,0.761,0.9091,0.1481,6.232671440273774e-175,-0.4090791233824427,1.3711877168602304e-172,TRUE
rse_k4,anderson_darling,hombres_mujeres,0.8669,0.704,0.16290000000000004,4.938649980855607e-173,0.4036362746987596,1.0865029957882335e-170,TRUE
rse_k4,shapiro_francia,hombres_todos,0.9512,0.8321,0.1191000000000001,2.1043965637271366e-161,0.39888402617413643,4.629672440199701e-159,TRUE
sps_k6,curtosis,hombres_mujeres,0.761,0.9059,0.14490000000000003,2.916183385756547e-166,-0.39803398645300936,6.415603448664403e-164,TRUE
ahs_k8,curtosis,mujeres_todos,0.0286,0.1247,0.0961,1.3012544377308704e-143,-0.3819626327970031,2.862759763007915e-141,TRUE
mach_k5,epps_pulley,mujeres_todos,0.7454,0.8886,0.1432,5.982085668099498e-151,-0.3771960779587329,1.3160588469818896e-148,TRUE
mach_k5,lilliefors,mujeres_todos,0.4771,0.6607,0.18359999999999993,2.604090510002939e-151,-0.37302358506074307,5.728999122006465e-149,TRUE
mach_k5,dagostino_pearson,mujeres_todos,0.7774,0.9094,0.132,2.9831287567463362e-145,-0.3711950292838333,6.562883264841939e-143,TRUE
mach_k5,shapiro_francia,todos_simulado,0.7676,0.9025,0.13490000000000002,1.819238583907222e-145,-0.3709309754924255,4.0023248845958886e-143,TRUE
mach_k5,pearson_chi2,hombres_todos,0.6665,0.4872,0.17929999999999996,4.512934312829008e-145,0.3650861751781125,9.928455488223818e-143,TRUE
rse_k4,shapiro_wilk,hombres_mujeres,0.995,0.9424,0.05259999999999998,7.481682684816525e-101,0.3431922287534981,1.6459701906596355e-98,TRUE
rse_k4,shapiro_wilk,todos_simulado,0.9731,1,0.026900000000000035,8.214469832375981e-61,-0.3295131245155192,1.8071833631227157e-58,TRUE
mach_k5,anderson_darling,todos_simulado,0.7667,0.8819,0.11519999999999997,1.7995516534136645e-101,-0.30656506276249296,3.959013637510062e-99,TRUE
rse_k4,anderson_darling,hombres_todos,0.8669,0.7549,0.11199999999999999,8.626176365751127e-91,0.2889463426339054,1.897758800465248e-88,TRUE
rse_k4,epps_pulley,todos_simulado,0.7025,0.8241,0.12160000000000004,7.639548624709486e-91,-0.2882393723376959,1.680700697436087e-88,TRUE
mach_k5,shapiro_wilk,todos_simulado,0.9088,0.9717,0.06289999999999996,2.565746575243149e-78,-0.2755063739859285,5.644642465534928e-76,TRUE
mach_k5,pearson_chi2,mujeres_todos,0.3548,0.4872,0.13240000000000002,4.582542883069107e-80,-0.26904202839919367,1.0081594342752036e-77,TRUE
mach_k5,cramer_von_mises,todos_simulado,0.6746,0.7832,0.10860000000000003,9.572996733133736e-67,-0.24541380110173838,2.1060592812894218e-64,TRUE
rse_k4,shapiro_francia,mujeres_todos,0.7321,0.8321,0.09999999999999998,1.216031925829696e-65,-0.24369196519953462,2.6752702368253315e-63,TRUE
rse_k4,cramer_von_mises,hombres_mujeres,0.6589,0.5418,0.11710000000000009,5.333645796714672e-64,0.2397106062548524,1.1734020752772278e-61,TRUE
rse_k4,sstn,hombres_mujeres,0.5877,0.4726,0.11509999999999998,1.1047590217017428e-59,0.2311395171142323,2.430469847743834e-57,TRUE
rse_k4,jarque_bera,hombres_mujeres,0.4463,0.3383,0.10799999999999998,4.8293876348627115e-55,0.22171282409938842,1.0624652796697966e-52,TRUE
ahs_k8,curtosis,hombres_todos,0.1998,0.1247,0.0751,6.468470720959097e-47,0.20496845823870047,1.4230635586110012e-44,TRUE
rse_k4,cramer_von_mises,hombres_todos,0.6589,0.5596,0.09930000000000005,7.280883304563902e-47,0.20392419472165346,1.6017943270040584e-44,TRUE
rse_k4,epps_pulley,hombres_mujeres,0.7613,0.6705,0.09079999999999999,6.78647505487304e-46,0.20191723409672147,1.4930245120720687e-43,TRUE
sps_k6,epps_pulley,todos_simulado,0.99,1,0.010000000000000009,3.2461252826536935e-23,-0.20033484232311904,7.141475621838126e-21,TRUE
rwas_k9,curtosis,todos_simulado,0.8269,0.8953,0.06840000000000002,2.564229691808933e-44,-0.19919260740821532,5.641305321979652e-42,FALSE
rse_k4,shapiro_wilk,hombres_todos,0.995,0.9731,0.02190000000000003,8.600865930021855e-35,0.18797365119109077,1.892190504604808e-32,FALSE
ahs_k8,epps_pulley,hombres_mujeres,0.9998,0.9897,0.010099999999999998,1.3095800203692606e-22,0.1750426874531099,2.881076044812373e-20,FALSE
ahs_k8,epps_pulley,hombres_todos,0.9998,0.9906,0.009199999999999986,1.2780884395895663e-20,0.16592706035232885,2.811794567097046e-18,FALSE
mach_k5,epps_pulley,todos_simulado,0.8886,0.8313,0.05729999999999991,2.1702243507135003e-31,0.16591891949624316,4.7744935715697005e-29,FALSE
rse_k4,sstn,hombres_todos,0.5877,0.5086,0.07909999999999995,3.0928944180476053e-29,0.1591112040299152,6.804367719704731e-27,FALSE
rse_k4,shapiro_wilk,mujeres_todos,0.9424,0.9731,0.03069999999999995,5.528730188687285e-27,-0.1552185775624073,1.2163206415112026e-24,FALSE
rse_k4,jarque_bera,hombres_todos,0.4463,0.3705,0.07579999999999998,1.2878016175159785e-27,0.15437917945356583,2.833163558535153e-25,FALSE
sps_k6,epps_pulley,hombres_mujeres,0.9952,0.9788,0.01639999999999997,2.5591076881266422e-24,0.15356810338745097,5.630036913878613e-22,FALSE
sps_k6,curtosis,todos_simulado,0.9091,0.8626,0.046499999999999986,5.858084360568651e-25,0.1469483916552199,1.2887785593251031e-22,FALSE
rse_k4,lilliefors,hombres_mujeres,0.7829,0.7202,0.06270000000000009,1.2618691112245766e-24,0.14535900852615713,2.7761120446940683e-22,FALSE
rse_k4,dagostino_pearson,hombres_mujeres,0.8739,0.825,0.048900000000000055,4.949535485532626e-22,0.1371577973193867,1.0888978068171776e-19,FALSE
rse_k4,lilliefors,hombres_todos,0.7829,0.7239,0.05900000000000005,4.3497699953080145e-22,0.13709982925483688,9.569493989677632e-20,FALSE
rse_k4,epps_pulley,hombres_todos,0.7613,0.7025,0.05879999999999996,7.239577578440701e-21,0.1329188542061306,1.5927070672569543e-18,FALSE
mach_k5,jarque_bera,todos_simulado,0.6271,0.6891,0.062000000000000055,2.772360883861626e-20,-0.13083065610861522,6.099193944495578e-18,FALSE
mach_k5,dagostino_pearson,hombres_todos,0.9431,0.9094,0.03370000000000006,9.874827228633239e-20,0.12976014088303067,2.1724619902993126e-17,FALSE
mach_k5,epps_pulley,hombres_todos,0.9237,0.8886,0.03510000000000002,2.126944971521821e-17,0.12086535996298986,4.6792789373480066e-15,FALSE
rse_k4,anderson_darling,mujeres_todos,0.704,0.7549,0.050900000000000056,6.171797588089809e-16,-0.11468993206485423,1.357795469379758e-13,FALSE
ahs_k8,lilliefors,todos_simulado,0.9999,0.9955,0.0043999999999999595,2.1911557600350362e-10,0.11426457266980394,4.82054267207708e-8,FALSE
rse_k4,dagostino_pearson,todos_simulado,0.8504,0.883,0.03259999999999996,1.3692542791703258e-11,-0.09607715101225578,3.0123594141747166e-9,FALSE
mach_k5,dagostino_pearson,todos_simulado,0.9094,0.8803,0.029100000000000015,2.3088025993936474e-11,0.09508078665839781,5.079365718666024e-9,FALSE
sps_k6,epps_pulley,mujeres_todos,0.9788,0.99,0.011199999999999988,2.3929659302854443e-10,-0.09190841704658537,5.264525046627978e-8,FALSE
ahs_k8,curtosis,todos_simulado,0.1247,0.1005,0.0242,7.00482562013558e-8,0.07666073747719337,1.5410616364298274e-5,FALSE
rse_k4,sstn,mujeres_todos,0.4726,0.5086,0.03600000000000003,3.815809836149132e-7,-0.07202831308431712,8.39478163952809e-5,FALSE
ahs_k8,cramer_von_mises,todos_simulado,0.9999,0.9979,0.0020000000000000018,5.0555619569370024e-5,0.071683288932332,0.011122236305261405,FALSE
ahs_k8,pearson_chi2,hombres_todos,0.9991,0.9957,0.0033999999999999586,4.6002720237665535e-6,0.07123393912868936,0.0010120598452286417,FALSE
rse_k4,epps_pulley,mujeres_todos,0.6705,0.7025,0.03200000000000003,1.160631348700889e-6,-0.06899837989059088,2.553388967141956e-4,FALSE
rse_k4,dagostino_pearson,mujeres_todos,0.825,0.8504,0.02540000000000009,1.2235206487518726e-6,-0.06893389988872345,2.69174542725412e-4,FALSE
rse_k4,dagostino_pearson,hombres_todos,0.8739,0.8504,0.023499999999999965,1.5897394868686436e-6,0.06822389743066326,3.497426871111016e-4,FALSE
ahs_k8,pearson_chi2,hombres_mujeres,0.9991,0.9959,0.0031999999999999806,1.1358419828587661e-5,0.06814115231618612,0.0024988523622892856,FALSE
rse_k4,jarque_bera,mujeres_todos,0.3383,0.3705,0.032200000000000006,2.0822290159743607e-6,-0.06733364464582259,4.5809038351435935e-4,FALSE
mach_k5,curtosis,mujeres_todos,0.8785,0.8993,0.02080000000000004,3.1975584992369443e-6,-0.06625594206331353,7.034628698321277e-4,FALSE
rse_k4,curtosis,mujeres_todos,0.9173,0.9338,0.01649999999999996,9.97551707034063e-6,-0.0629491414670671,0.002194613755474939,FALSE
sps_k6,epps_pulley,hombres_todos,0.9952,0.99,0.005199999999999982,2.579010636263001e-5,0.061659686340865605,0.005673823399778602,FALSE
rse_k4,pearson_chi2,hombres_todos,0.7216,0.6957,0.025900000000000034,5.945569488678499e-5,0.057012804988767485,0.013080252875092697,FALSE
ahs_k8,epps_pulley,todos_simulado,0.9906,0.9849,0.005700000000000038,3.184306325939186e-4,0.052174587328111866,0.0700547391706621,FALSE
rse_k4,pearson_chi2,hombres_mujeres,0.7216,0.7006,0.02100000000000002,0.0011119249315027931,0.046338752528827465,0.24462348493061448,FALSE
rse_k4,curtosis,hombres_todos,0.9231,0.9338,0.010699999999999932,0.0036365188047230287,-0.04154225251434962,0.8000341370390663,FALSE
rse_k4,cramer_von_mises,mujeres_todos,0.5418,0.5596,0.017800000000000038,0.011865249130772873,-0.03578641153319895,1,FALSE
mach_k5,sstn,todos_simulado,0.7705,0.7849,0.01440000000000008,0.015019958900235327,-0.034636777533420204,1,FALSE
ahs_k8,lilliefors,hombres_mujeres,1,0.9998,1.9999999999997797e-4,0.4794781512492643,0.028285214141357873,1,FALSE
ahs_k8,anderson_darling,todos_simulado,1,0.9998,1.9999999999997797e-4,0.4794781512492643,0.028285214141357873,1,FALSE
ahs_k8,pearson_chi2,todos_simulado,0.9957,0.9939,0.0018000000000000238,0.09465487700127999,0.0251212966710872,1,FALSE
rse_k4,curtosis,hombres_mujeres,0.9231,0.9173,0.005800000000000027,0.13691867063610663,0.021406888952717473,1,FALSE
sps_k6,pearson_chi2,hombres_mujeres,0.9999,1,9.999999999998899e-5,0.9999999999998758,-0.020000333348331623,1,FALSE
ahs_k8,lilliefors,hombres_todos,1,0.9999,9.999999999998899e-5,0.9999999999998758,0.020000333348331623,1,FALSE
ahs_k8,jarque_bera,hombres_todos,1,0.9999,9.999999999998899e-5,0.9999999999998758,0.020000333348331623,1,FALSE
ahs_k8,dagostino_pearson,hombres_todos,1,0.9999,9.999999999998899e-5,0.9999999999998758,0.020000333348331623,1,FALSE
ahs_k8,cramer_von_mises,hombres_todos,1,0.9999,9.999999999998899e-5,0.9999999999998758,0.020000333348331623,1,FALSE
sps_k6,pearson_chi2,hombres_todos,0.9999,1,9.999999999998899e-5,0.9999999999998758,-0.020000333348331623,1,FALSE
ahs_k8,jarque_bera,mujeres_todos,1,0.9999,9.999999999998899e-5,0.9999999999998758,0.020000333348331623,1,FALSE
ahs_k8,dagostino_pearson,mujeres_todos,1,0.9999,9.999999999998899e-5,0.9999999999998758,0.020000333348331623,1,FALSE
ahs_k8,cramer_von_mises,mujeres_todos,1,0.9999,9.999999999998899e-5,0.9999999999998758,0.020000333348331623,1,FALSE
ahs_k8,sstn,todos_simulado,1,0.9999,9.999999999998899e-5,0.9999999999998758,0.020000333348331623,1,FALSE
ahs_k8,jarque_bera,todos_simulado,0.9999,0.9997,1.9999999999997797e-4,0.6170398660776425,0.014642415087718685,1,FALSE
ahs_k8,dagostino_pearson,todos_simulado,0.9999,0.9997,1.9999999999997797e-4,0.6170398660776425,0.014642415087718685,1,FALSE
sps_k6,curtosis,mujeres_todos,0.9059,0.9091,0.0031999999999999806,0.44930397425802254,-0.011045136929433319,1,FALSE
rse_k4,pearson_chi2,mujeres_todos,0.7006,0.6957,0.0049000000000000155,0.45968808650766463,0.01067405245994002,1,FALSE
ahs_k8,epps_pulley,mujeres_todos,0.9897,0.9906,9.000000000000119e-4,0.5667771104013899,-0.009115627100781065,1,FALSE
ahs_k8,lilliefors,mujeres_todos,0.9998,0.9999,9.999999999998899e-5,0.9999999999998396,-0.00828488079302625,1,FALSE
rse_k4,lilliefors,mujeres_todos,0.7202,0.7239,0.0037000000000000366,0.5698820289738621,-0.00825917927132025,1,FALSE
ahs_k8,pearson_chi2,mujeres_todos,0.9959,0.9957,1.9999999999997797e-4,0.9129337745411766,0.0030927868125032454,1,FALSE
ahs_k8,shapiro_wilk,hombres_mujeres,1,1,0,1,0,1,FALSE
ahs_k8,anderson_darling,hombres_mujeres,1,1,0,1,0,1,FALSE
ahs_k8,jarque_bera,hombres_mujeres,1,1,0,1,0,1,FALSE
ahs_k8,dagostino_pearson,hombres_mujeres,1,1,0,1,0,1,FALSE
ahs_k8,cramer_von_mises,hombres_mujeres,1,1,0,1,0,1,FALSE
ahs_k8,shapiro_francia,hombres_mujeres,1,1,0,1,0,1,FALSE
ahs_k8,sstn,hombres_mujeres,1,1,0,1,0,1,FALSE
rwas_k9,shapiro_wilk,hombres_mujeres,1,1,0,1,0,1,FALSE
rwas_k9,anderson_darling,hombres_mujeres,1,1,0,1,0,1,FALSE
rwas_k9,lilliefors,hombres_mujeres,1,1,0,1,0,1,FALSE
rwas_k9,jarque_bera,hombres_mujeres,1,1,0,1,0,1,FALSE
rwas_k9,dagostino_pearson,hombres_mujeres,1,1,0,1,0,1,FALSE
rwas_k9,cramer_von_mises,hombres_mujeres,1,1,0,1,0,1,FALSE
rwas_k9,shapiro_francia,hombres_mujeres,1,1,0,1,0,1,FALSE
rwas_k9,pearson_chi2,hombres_mujeres,1,1,0,1,0,1,FALSE
rwas_k9,epps_pulley,hombres_mujeres,1,1,0,1,0,1,FALSE
rwas_k9,sstn,hombres_mujeres,1,1,0,1,0,1,FALSE
sps_k6,shapiro_wilk,hombres_mujeres,1,1,0,1,0,1,FALSE
sps_k6,anderson_darling,hombres_mujeres,1,1,0,1,0,1,FALSE
sps_k6,lilliefors,hombres_mujeres,1,1,0,1,0,1,FALSE
sps_k6,jarque_bera,hombres_mujeres,1,1,0,1,0,1,FALSE
sps_k6,dagostino_pearson,hombres_mujeres,1,1,0,1,0,1,FALSE
sps_k6,cramer_von_mises,hombres_mujeres,1,1,0,1,0,1,FALSE
sps_k6,shapiro_francia,hombres_mujeres,1,1,0,1,0,1,FALSE
sps_k6,sstn,hombres_mujeres,1,1,0,1,0,1,FALSE
ahs_k8,shapiro_wilk,hombres_todos,1,1,0,1,0,1,FALSE
ahs_k8,anderson_darling,hombres_todos,1,1,0,1,0,1,FALSE
ahs_k8,shapiro_francia,hombres_todos,1,1,0,1,0,1,FALSE
ahs_k8,sstn,hombres_todos,1,1,0,1,0,1,FALSE
rwas_k9,shapiro_wilk,hombres_todos,1,1,0,1,0,1,FALSE
rwas_k9,anderson_darling,hombres_todos,1,1,0,1,0,1,FALSE
rwas_k9,lilliefors,hombres_todos,1,1,0,1,0,1,FALSE
rwas_k9,jarque_bera,hombres_todos,1,1,0,1,0,1,FALSE
rwas_k9,dagostino_pearson,hombres_todos,1,1,0,1,0,1,FALSE
rwas_k9,cramer_von_mises,hombres_todos,1,1,0,1,0,1,FALSE
rwas_k9,shapiro_francia,hombres_todos,1,1,0,1,0,1,FALSE
rwas_k9,pearson_chi2,hombres_todos,1,1,0,1,0,1,FALSE
rwas_k9,epps_pulley,hombres_todos,1,1,0,1,0,1,FALSE
rwas_k9,sstn,hombres_todos,1,1,0,1,0,1,FALSE
sps_k6,shapiro_wilk,hombres_todos,1,1,0,1,0,1,FALSE
sps_k6,anderson_darling,hombres_todos,1,1,0,1,0,1,FALSE
sps_k6,lilliefors,hombres_todos,1,1,0,1,0,1,FALSE
sps_k6,jarque_bera,hombres_todos,1,1,0,1,0,1,FALSE
sps_k6,dagostino_pearson,hombres_todos,1,1,0,1,0,1,FALSE
sps_k6,cramer_von_mises,hombres_todos,1,1,0,1,0,1,FALSE
sps_k6,shapiro_francia,hombres_todos,1,1,0,1,0,1,FALSE
sps_k6,sstn,hombres_todos,1,1,0,1,0,1,FALSE
ahs_k8,shapiro_wilk,mujeres_todos,1,1,0,1,0,1,FALSE
ahs_k8,anderson_darling,mujeres_todos,1,1,0,1,0,1,FALSE
ahs_k8,shapiro_francia,mujeres_todos,1,1,0,1,0,1,FALSE
ahs_k8,sstn,mujeres_todos,1,1,0,1,0,1,FALSE
rwas_k9,shapiro_wilk,mujeres_todos,1,1,0,1,0,1,FALSE
rwas_k9,anderson_darling,mujeres_todos,1,1,0,1,0,1,FALSE
rwas_k9,lilliefors,mujeres_todos,1,1,0,1,0,1,FALSE
rwas_k9,jarque_bera,mujeres_todos,1,1,0,1,0,1,FALSE
rwas_k9,dagostino_pearson,mujeres_todos,1,1,0,1,0,1,FALSE
rwas_k9,cramer_von_mises,mujeres_todos,1,1,0,1,0,1,FALSE
rwas_k9,shapiro_francia,mujeres_todos,1,1,0,1,0,1,FALSE
rwas_k9,pearson_chi2,mujeres_todos,1,1,0,1,0,1,FALSE
rwas_k9,epps_pulley,mujeres_todos,1,1,0,1,0,1,FALSE
rwas_k9,sstn,mujeres_todos,1,1,0,1,0,1,FALSE
sps_k6,shapiro_wilk,mujeres_todos,1,1,0,1,0,1,FALSE
sps_k6,anderson_darling,mujeres_todos,1,1,0,1,0,1,FALSE
sps_k6,lilliefors,mujeres_todos,1,1,0,1,0,1,FALSE
sps_k6,jarque_bera,mujeres_todos,1,1,0,1,0,1,FALSE
sps_k6,dagostino_pearson,mujeres_todos,1,1,0,1,0,1,FALSE
sps_k6,cramer_von_mises,mujeres_todos,1,1,0,1,0,1,FALSE
sps_k6,shapiro_francia,mujeres_todos,1,1,0,1,0,1,FALSE
sps_k6,pearson_chi2,mujeres_todos,1,1,0,1,0,1,FALSE
sps_k6,sstn,mujeres_todos,1,1,0,1,0,1,FALSE
ahs_k8,shapiro_wilk,todos_simulado,1,1,0,1,0,1,FALSE
ahs_k8,shapiro_francia,todos_simulado,1,1,0,1,0,1,FALSE
rwas_k9,shapiro_wilk,todos_simulado,1,1,0,1,0,1,FALSE
rwas_k9,anderson_darling,todos_simulado,1,1,0,1,0,1,FALSE
rwas_k9,lilliefors,todos_simulado,1,1,0,1,0,1,FALSE
rwas_k9,jarque_bera,todos_simulado,1,1,0,1,0,1,FALSE
rwas_k9,dagostino_pearson,todos_simulado,1,1,0,1,0,1,FALSE
rwas_k9,cramer_von_mises,todos_simulado,1,1,0,1,0,1,FALSE
rwas_k9,shapiro_francia,todos_simulado,1,1,0,1,0,1,FALSE
rwas_k9,pearson_chi2,todos_simulado,1,1,0,1,0,1,FALSE
rwas_k9,epps_pulley,todos_simulado,1,1,0,1,0,1,FALSE
rwas_k9,sstn,todos_simulado,1,1,0,1,0,1,FALSE
sps_k6,shapiro_wilk,todos_simulado,1,1,0,1,0,1,FALSE
sps_k6,anderson_darling,todos_simulado,1,1,0,1,0,1,FALSE
sps_k6,lilliefors,todos_simulado,1,1,0,1,0,1,FALSE
sps_k6,jarque_bera,todos_simulado,1,1,0,1,0,1,FALSE
sps_k6,dagostino_pearson,todos_simulado,1,1,0,1,0,1,FALSE
sps_k6,cramer_von_mises,todos_simulado,1,1,0,1,0,1,FALSE
sps_k6,shapiro_francia,todos_simulado,1,1,0,1,0,1,FALSE
sps_k6,pearson_chi2,todos_simulado,1,1,0,1,0,1,FALSE
sps_k6,sstn,todos_simulado,1,1,0,1,0,1,FALSE
