k,n,R,prueba,umbral_p05_empirico,tasa_rechazo_nominal_05,n_na
7,10,10000,shapiro_wilk,0.02084880907065479,0.0993,0
7,10,10000,anderson_darling,0.01893480794372173,0.1144,0
7,10,10000,lilliefors,0.018452203325133847,0.1114,0
7,10,10000,jarque_bera,0.1879185825495704,0.0185,0
7,10,10000,dagostino_pearson,NA,NA,10000
7,10,10000,cramer_von_mises,0.01798139037564479,0.1164,0
7,10,10000,shapiro_francia,0.01914680257841956,0.1092,0
7,10,10000,pearson_chi2,0.01545482721685775,0.1239,0
7,10,10000,curtosis,0.037379943738788696,0.0684,0
7,10,10000,epps_pulley,0.016173643022605894,0.0943,0
7,10,10000,sstn,0.024,0.0869,0
7,25,10000,shapiro_wilk,0.014626443650889621,0.1314,0
7,25,10000,anderson_darling,0.005351517529373563,0.2068,0
7,25,10000,lilliefors,0.005420646981596294,0.1944,0
7,25,10000,jarque_bera,0.15176422618994387,0.0202,0
7,25,10000,dagostino_pearson,0.06149075864057821,0.0424,0
7,25,10000,cramer_von_mises,0.004542766267790004,0.2242,0
7,25,10000,shapiro_francia,0.014991848012484984,0.1403,0
7,25,10000,pearson_chi2,0.006088507677115867,0.2086,0
7,25,10000,curtosis,0.06860707304529601,0.0343,0
7,25,10000,epps_pulley,0.02607778555856149,0.0879,0
7,25,10000,sstn,0.0173,0.1056,0
7,50,10000,shapiro_wilk,0.006763305695268362,0.2587,0
7,50,10000,anderson_darling,0.001117895424425991,0.3994,0
7,50,10000,lilliefors,0.0010861759762744894,0.3819,0
7,50,10000,jarque_bera,0.17628694148420557,0.0136,0
7,50,10000,dagostino_pearson,0.10680984650156145,0.0188,0
7,50,10000,cramer_von_mises,9.05136128086038e-4,0.4165,0
7,50,10000,shapiro_francia,0.009311716762985298,0.224,0
7,50,10000,pearson_chi2,8.232904260395099e-4,0.3514,0
7,50,10000,curtosis,0.09832489693439898,0.0179,0
7,50,10000,epps_pulley,0.006933706160033857,0.2555,0
7,50,10000,sstn,0.0109,0.1606,0
7,100,10000,shapiro_wilk,9.356969227551543e-4,0.6675,0
7,100,10000,anderson_darling,4.110234438464284e-5,0.7534,0
7,100,10000,lilliefors,5.274874621179157e-5,0.719,0
7,100,10000,jarque_bera,0.19731031437196317,0.0071,0
7,100,10000,dagostino_pearson,0.15696012626369407,0.0086,0
7,100,10000,cramer_von_mises,5.179017083889962e-5,0.7454,0
7,100,10000,shapiro_francia,0.0020000360209207375,0.5502,0
7,100,10000,pearson_chi2,8.478602509840296e-6,0.6935,0
7,100,10000,curtosis,0.13815544241544933,0.0096,0
7,100,10000,epps_pulley,2.886509996805225e-4,0.4834,0
7,100,10000,sstn,0.0027,0.2868,0
7,250,10000,shapiro_wilk,5.507424611745142e-6,0.9987,0
7,250,10000,anderson_darling,6.793284992837352e-9,0.9967,0
7,250,10000,lilliefors,1.2121318270123013e-8,0.9917,0
7,250,10000,jarque_bera,0.2182764017632956,0.0057,0
7,250,10000,dagostino_pearson,0.19303737999869164,0.0059,0
7,250,10000,cramer_von_mises,1.1445462433834244e-7,0.994,0
7,250,10000,shapiro_francia,2.8542408376806505e-5,0.9945,0
7,250,10000,pearson_chi2,3.4176893299737758e-12,0.9917,0
7,250,10000,curtosis,0.1620442248700011,0.0064,0
7,250,10000,epps_pulley,1.8907805120586148e-7,0.8553,0
7,250,10000,sstn,1e-4,0.7076,0
7,500,10000,shapiro_wilk,8.730921266919883e-9,1,0
7,500,10000,anderson_darling,1.9015969354835552e-14,1,0
7,500,10000,lilliefors,6.796124348244504e-14,1,0
7,500,10000,jarque_bera,0.2275506694019715,0.0032,0
7,500,10000,dagostino_pearson,0.217203533106977,0.0034,0
7,500,10000,cramer_von_mises,7.73659967698977e-10,1,0
7,500,10000,shapiro_francia,1.0185108381696689e-7,1,0
7,500,10000,pearson_chi2,2.17662543772644e-28,1,0
7,500,10000,curtosis,0.17478491350900052,0.0044,0
7,500,10000,epps_pulley,1.3182089604885806e-11,0.9901,0
7,500,10000,sstn,0,0.9731,0
7,1000,10000,shapiro_wilk,6.954779471244312e-13,1,0
7,1000,10000,anderson_darling,3.7e-24,1,0
7,1000,10000,lilliefors,3.2087152308451725e-24,1,0
7,1000,10000,jarque_bera,0.2435968348669025,0.0029,0
7,1000,10000,dagostino_pearson,0.23506369866226293,0.0024,0
7,1000,10000,cramer_von_mises,7.37e-10,1,0
7,1000,10000,shapiro_francia,1.7869277996855872e-11,1,0
7,1000,10000,pearson_chi2,1.4058882347645444e-53,1,0
7,1000,10000,curtosis,0.191196777318027,0.0029,0
7,1000,10000,epps_pulley,7.606678487628495e-19,1,0
7,1000,10000,sstn,0,1,0
7,1500,10000,shapiro_wilk,5.760151029344027e-16,1,0
7,1500,10000,anderson_darling,3.7e-24,1,0
7,1500,10000,lilliefors,8.083375342242492e-34,1,0
7,1500,10000,jarque_bera,0.23663335506777144,0.0026,0
7,1500,10000,dagostino_pearson,0.23228644808123494,0.0022,0
7,1500,10000,cramer_von_mises,7.37e-10,1,0
7,1500,10000,shapiro_francia,2.0615958982704215e-14,1,0
7,1500,10000,pearson_chi2,3.502645634208216e-82,1,0
7,1500,10000,curtosis,0.19636706108508695,0.0024,0
7,1500,10000,epps_pulley,1.1087048127314359e-25,1,0
7,1500,10000,sstn,0,1,0
